status,month,credit_history,purpose,credit_amount,savings,employment,investment_as_income_percentage,personal_status,other_debtors,residence_since,property,age,installment_plans,housing,number_of_credits,skill_level,people_liable_for,telephone,foreign_worker,,
-2,0.205882353,-5,-5,0.085011555,-1,-5,0.666666667,-2,-3,1,-1,-1,-1,-1,0.333333333,-2,0,-2,-1,0,0
-2,0.073529412,-3,-10,0.062781996,-1,-3,0.333333333,-4,-1,0,-1,-1,-1,-2,0,-3,0,-2,-1,0,0
-4,0.294117647,-2,-10,0.072025971,-1,-4,1,-3,-1,1,-3,-1,-1,-2,0,-3,0,-2,-1,0,0
-4,0.088235294,-3,-1,0.058270056,-5,-3,1,-3,-3,1,-2,-1,-3,-2,0,-2,0,-1,-1,0,1
-3,0,-3,-1,0.068449433,-5,-2,0,-3,-1,0.333333333,-1,-1,-3,-2,0,-2,1,-1,-2,0,0
-4,0.294117647,-3,-2,0.178166612,-2,-4,0.666666667,-2,-1,1,-3,-2,-3,-2,0,-3,0,-1,-1,1,0
-4,0.117647059,-5,-5,0.039947177,-5,-5,1,-3,-1,1,-3,-1,-3,-2,0.333333333,-3,0,-1,-1,0,0
-4,0.029411765,-5,-1,0.358259051,-1,-4,0,-3,-1,0.666666667,-4,-1,-3,-2,0.333333333,-4,1,-2,-1,0,0
-2,0.117647059,-3,-5,0.07246616,-1,-3,0,-2,-1,0,-3,-2,-3,-2,0,-3,0,-2,-1,1,0
-1,0.294117647,-3,-4,0.411081765,-5,-2,0,-2,-1,0.333333333,-2,-1,-3,-2,0,-3,0,-2,-2,0,0
-4,0.294117647,-3,-2,0.133157258,-1,-5,1,-3,-1,1,-3,-1,-3,-2,0,-4,0,-2,-1,0,0
-4,0.470588235,-5,-1,0.180752724,-1,-4,1,-3,-1,1,-3,-1,-3,-2,0.333333333,-3,0,-2,-1,0,0
-1,0.073529412,-3,-5,0.061296357,-1,-4,0.666666667,-3,-1,1,-1,-1,-3,-2,0,-3,0,-1,-1,0,0
-4,0.205882353,-5,-5,0.320237702,-1,-5,0.666666667,-3,-1,1,-3,-1,-3,-2,0.333333333,-3,0,-2,-1,0,0
-4,0.25,-3,-5,0.160118851,-5,-5,1,-3,-1,0.666666667,-2,-1,-3,-2,0,-3,0,-2,-1,0,0
-4,0.088235294,-3,-5,0.092109607,-1,-3,0,-3,-1,1,-2,-1,-3,-2,0,-3,0,-2,-2,0,0
-4,0.470588235,-3,-5,0.184054143,-1,-5,1,-3,-1,0.333333333,-3,-1,-3,-2,0,-3,0,-1,-1,0,0
-2,0.176470588,-5,-1,0.050896886,-1,-1,0.333333333,-3,-1,0.666666667,-3,-1,-3,-3,0.666666667,-1,0,-2,-1,0,0
-4,0.294117647,-5,-5,0.108561682,-2,-5,1,-3,-1,1,-2,-1,-1,-2,0.333333333,-3,0,-1,-1,0,0
-4,0.161764706,-3,-8,0.240618466,-2,-3,0.666666667,-3,-1,0.333333333,-2,-1,-3,-2,0,-4,0,-2,-1,0,1
-2,0.647058824,-4,-3,0.403433476,-2,-1,0.333333333,-3,-1,1,-4,-1,-3,-3,0,-4,0,-2,-1,0,0
-2,0.294117647,-5,-10,0.141685925,-5,-4,1,-3,-1,0.666666667,-4,-1,-3,-2,0.333333333,-3,1,-2,-1,0,0
-4,0.117647059,-5,-1,0.068504457,-1,-5,1,-3,-1,0,-1,-1,-3,-2,0.333333333,-2,1,-1,-1,0,0
-2,0.205882353,-5,-4,0.391988555,-1,-1,1,-3,-1,1,-2,-1,-2,-2,0.333333333,-4,0,-2,-1,0,0
-4,0.205882353,-5,-5,0.109387036,-1,-3,0.333333333,-2,-1,0,-3,-2,-3,-2,0.333333333,-3,0,-1,-1,1,0
-3,0.161764706,-3,-8,0.091064158,-1,-5,1,-3,-1,1,-3,-1,-3,-1,0,-4,0,-2,-1,0,0
-4,0.117647059,-3,-5,0.111643006,-5,-3,1,-3,-1,1,-4,-1,-3,-3,0,-3,0,-2,-1,0,0
-2,0.117647059,-3,-1,0.057499725,-1,-2,0.666666667,-2,-1,0,-3,-2,-3,-1,0,-3,0,-1,-1,1,1
-1,0.352941176,-3,-1,0.206668868,-1,-3,0.666666667,-3,-1,0.333333333,-3,-1,-3,-2,0,-2,0,-1,-1,0,1
-2,0.029411765,-5,-9,0.037526136,-5,-4,0,-2,-1,0.666666667,-2,-1,-3,-2,0.333333333,-2,0,-1,-1,0,0
-4,0.117647059,-5,-8,0.182403433,-5,-2,0.333333333,-3,-1,0,-2,-1,-3,-2,0.333333333,-2,1,-1,-1,0,0
-2,0.029411765,-4,-10,0.065973369,-2,-5,0,-1,-1,0.333333333,-3,-1,-1,-2,0.333333333,-3,1,-1,-1,0,0
-3,0.029411765,-5,-1,0.060140861,-1,-5,0,-3,-1,1,-1,-1,-3,-2,0.333333333,-3,1,-1,-2,0,0
-4,0.161764706,-3,-4,0.106525806,-5,-4,0,-2,-1,1,-1,-1,-1,-1,0,-2,0,-1,-1,0,0
-2,0.294117647,-5,-8,0.302244965,-1,-2,0.333333333,-2,-1,1,-4,-2,-3,-3,0.333333333,-3,0,-2,-1,1,0
-1,0.205882353,-3,-8,0.02751183,-1,-1,1,-2,-1,0,-1,-1,-3,-2,0,-1,0,-1,-1,0,1
-4,0.294117647,-3,-4,0.204798063,-1,-4,0.333333333,-2,-1,1,-2,-2,-3,-1,0,-3,0,-2,-1,1,0
-1,0.294117647,-4,-5,0.042588313,-1,-2,1,-4,-1,1,-1,-1,-2,-2,0,-3,0,-1,-1,0,1
-2,0.073529412,-3,-1,0.162044679,-5,-3,0,-2,-1,0.333333333,-1,-1,-3,-2,0,-2,0,-1,-1,0,0
-2,0.044117647,-3,-5,0.119126224,-1,-3,0.666666667,-3,-3,0.333333333,-1,-1,-3,-2,0,-3,0,-1,-1,0,0
-2,0.205882353,-3,-10,0.130516122,-2,-3,1,-3,-1,1,-3,-1,-3,-2,0,-3,0,-1,-1,0,0
-4,0.470588235,-3,-10,0.302189942,-2,-4,0.333333333,-3,-1,0.333333333,-3,-1,-3,-2,0.333333333,-3,0,-2,-1,0,0
-2,0.338235294,-1,-10,0.44393089,-1,-5,0.333333333,-2,-1,1,-4,-1,-3,-3,0.333333333,-4,0,-2,-1,0,1
-1,0.470588235,-5,-4,0.115439639,-1,-3,0.666666667,-4,-1,0.333333333,-2,-1,-3,-2,0.333333333,-3,0,-2,-1,0,0
-1,0.382352941,-3,-4,0.157257621,-1,-2,0.333333333,-1,-1,1,-2,-1,-3,-2,0,-2,0,-1,-1,0,1
-1,0.073529412,-3,-1,0.06448773,-1,-2,0.666666667,-3,-1,0.333333333,-4,-1,-3,-3,0,-4,0,-2,-1,0,1
-1,0.294117647,-3,-4,0.116044899,-2,-1,0,-1,-1,0,-2,-1,-3,-2,0,-3,0,-1,-1,0,1
-4,0.25,-4,-2,0.1509299,-1,-3,0.666666667,-3,-1,0.333333333,-1,-1,-2,-2,0.333333333,-2,0,-1,-1,0,0
-2,0.647058824,-3,-5,0.589358424,-4,-4,0,-3,-2,0.333333333,-4,-1,-1,-2,0.333333333,-3,0,-2,-1,0,1
-1,0.117647059,-3,-4,0.128095081,-1,-1,0.666666667,-2,-1,1,-4,-1,-3,-3,0,-4,0,-1,-1,0,0
-2,0.470588235,-3,-2,0.368548476,-1,-3,0.333333333,-3,-1,0.333333333,-3,-1,-3,-1,0,-4,0,-2,-1,0,0
-2,0.823529412,-4,-5,0.394409596,-5,-3,0,-3,-1,0,-1,-1,-3,-2,0,-2,0,-1,-1,0,0
-4,0.294117647,-3,-2,0.333608452,-5,-5,0.666666667,-3,-1,1,-3,-1,-3,-2,0,-4,1,-2,-1,0,0
-2,0.294117647,-5,-5,0.053152856,-2,-2,1,-3,-1,1,-4,-1,-1,-2,0.333333333,-3,1,-1,-1,0,1
-4,0.470588235,-5,-4,0.378397711,-1,-2,0.333333333,-2,-1,1,-2,-2,-3,-1,0.333333333,-3,0,-2,-1,1,1
-3,0.117647059,-3,-5,0.08974359,-1,-3,0.333333333,-2,-1,0.333333333,-3,-1,-3,-1,0,-2,0,-2,-1,0,0
-2,0.647058824,-2,-1,0.655827006,-5,-1,1,-3,-2,1,-4,-1,-3,-3,0,-4,0,-2,-1,0,0
-4,0.029411765,-5,-5,0.081985254,-1,-5,0.333333333,-4,-1,0.333333333,-1,-1,-3,-1,0.333333333,-3,0,-1,-1,0,0
-4,0.382352941,-5,-5,0.235501266,-1,-4,1,-2,-1,1,-3,-1,-3,-1,0,-4,0,-2,-1,0,0
-1,0.102941176,-5,-1,0.202982282,-1,-3,0,-3,-1,0.333333333,-1,-1,-3,-2,0.333333333,-2,1,-1,-1,0,0
-4,0.235294118,-5,-1,0.178001541,-5,-2,0.333333333,-1,-1,1,-1,-1,-3,-2,0.333333333,-3,0,-2,-1,0,0
-1,0.205882353,-3,-4,0.121712336,-1,-3,0.333333333,-3,-1,0.333333333,-3,-2,-3,-2,0,-3,0,-1,-1,1,1
-3,0.088235294,-3,-1,0.203532519,-1,-2,0,-3,-3,0,-2,-1,-3,-2,0,-2,1,-1,-1,0,0
-2,0.161764706,-2,-1,0.055793991,-2,-3,0.333333333,-4,-1,0.333333333,-2,-2,-3,-1,0,-3,0,-1,-1,1,1
-3,0.558823529,-5,-2,0.250137559,-1,-5,1,-3,-1,1,-4,-1,-3,-3,0,-3,0,-1,-1,0,0
-1,0.470588235,-3,-1,0.087597667,-1,-2,1,-2,-1,1,-3,-1,-3,-2,0,-3,0,-2,-1,0,1
-2,0.044117647,-3,-5,0.11439419,-1,-2,0,-2,-3,0,-1,-1,-3,-2,0,-3,0,-1,-1,0,0
-1,0.470588235,-5,-4,0.328986464,-1,-2,1,-2,-2,1,-4,-2,-3,-1,0.333333333,-2,0,-2,-1,1,1
-4,0.161764706,-5,-5,0.086882359,-1,-5,1,-3,-1,1,-3,-1,-3,-2,0.333333333,-3,0,-2,-1,0,0
-1,0.470588235,-3,-5,0.112908551,-1,-3,1,-1,-1,1,-3,-1,-3,-1,0,-3,0,-1,-1,0,1
-1,0.470588235,-3,-3,0.858754264,-1,-1,0.333333333,-1,-2,0.666666667,-3,-1,-3,-2,0,-4,0,-1,-1,0,0
-4,0.161764706,-5,-4,0.069880048,-5,-5,1,-3,-1,1,-2,-1,-3,-2,0,-3,0,-1,-1,0,0
-4,0.294117647,-3,-2,0.49669858,-5,-3,0.333333333,-1,-1,1,-4,-1,-3,-3,0,-3,0,-2,-1,0,0
-1,0.632352941,-3,-1,0.576207769,-1,-2,0,-2,-1,0,-1,-1,-3,-2,0,-2,0,-2,-1,0,0
-2,0.117647059,-3,-1,0.032243865,-2,-2,1,-2,-1,0.333333333,-2,-2,-1,-2,0,-2,0,-1,-1,1,1
-1,0.029411765,-2,-8,0.05216243,-1,-5,1,-2,-1,1,-4,-1,-3,-3,0,-3,0,-1,-1,0,1
-4,0.426470588,-4,-10,0.138329482,-1,-3,0.333333333,-2,-1,0.333333333,-3,-1,-3,-2,0.333333333,-3,0,-2,-1,0,0
-1,0.117647059,-2,-5,0.020688896,-1,-3,1,-2,-1,1,-1,-2,-1,-2,0,-2,0,-1,-1,1,1
-4,0.117647059,-3,-2,0.120776934,-5,-2,0.333333333,-4,-1,1,-3,-1,-3,-1,0,-3,0,-2,-1,0,0
-4,0.294117647,-5,-8,0.092274678,-5,-3,0.666666667,-2,-1,0.333333333,-3,-1,-3,-2,0.333333333,-3,0,-2,-1,0,0
-3,0.029411765,-5,-8,0.043853857,-1,-3,0.333333333,-2,-1,1,-2,-1,-3,-2,0,-2,0,-1,-1,0,0
-2,0.338235294,-3,-10,0.201661715,-1,-3,1,-3,-1,0.333333333,-3,-1,-3,-2,0,-3,1,-2,-1,0,1
-1,0.294117647,-1,-4,0.212391328,-1,-5,0.666666667,-3,-1,1,-4,-2,-1,-1,0.333333333,-3,1,-1,-1,1,1
-4,0.117647059,-3,-1,0.021459227,-1,-3,1,-1,-1,0.333333333,-1,-1,-3,-2,0,-2,0,-1,-1,0,0
-2,0.205882353,-4,-7,0.327610873,-1,-3,0.333333333,-3,-1,1,-1,-1,-3,-2,0,-2,1,-2,-1,0,0
-2,0.117647059,-3,-5,0.067899197,-5,-3,0.333333333,-4,-1,0,-1,-2,-3,-2,0,-3,0,-2,-1,1,1
-1,0.117647059,-2,-1,0.024595576,-1,-2,1,-3,-1,0.333333333,-3,-1,-1,-2,0.333333333,-3,0,-2,-1,0,1
-4,0.117647059,-5,-5,0.054473424,-5,-5,1,-2,-1,0.333333333,-1,-1,-3,-2,0.333333333,-3,0,-2,-1,0,0
-4,0.823529412,-4,-5,0.847529438,-1,-4,0.333333333,-3,-1,1,-3,-2,-3,-2,0.333333333,-3,0,-2,-1,1,0
-1,0.382352941,-3,-7,0.64641796,-1,-2,0,-1,-1,0,-4,-1,-3,-2,0,-2,0,-2,-1,0,1
-1,0.294117647,-5,-2,0.33944096,-1,-5,0.333333333,-2,-1,1,-4,-1,-3,-3,0.333333333,-4,1,-2,-1,0,0
-2,0.235294118,-3,-2,0.342137119,-5,-1,0,-1,-1,1,-1,-1,-3,-2,0,-4,0,-2,-1,0,0
-4,0.205882353,-3,-10,0.072521184,-2,-3,0.666666667,-2,-1,1,-2,-2,-3,-1,0,-2,0,-1,-1,1,0
-4,0.352941176,-5,-5,0.137173985,-1,-5,1,-3,-1,0.333333333,-3,-1,-3,-2,0.333333333,-3,0,-1,-1,0,0
-4,0.029411765,-3,-4,0.239958182,-1,-2,0,-2,-1,1,-2,-1,-3,-2,0,-3,0,-1,-1,0,1
-4,0.294117647,-5,-1,0.097501926,-1,-3,1,-2,-1,1,-3,-1,-3,-2,0,-3,0,-2,-1,0,0
-4,0.470588235,-3,-8,0.086332123,-1,-3,1,-3,-1,1,-4,-1,-2,-3,0,-3,0,-2,-1,0,1
-2,0.117647059,-3,-7,0.021404204,-1,-3,1,-3,-1,0.333333333,-3,-1,-3,-2,0,-3,0,-1,-1,0,1
-4,0.205882353,-2,-1,0.341586882,-1,-5,0.333333333,-3,-1,1,-4,-1,-1,-2,0.333333333,-4,1,-2,-1,0,1
-1,0.294117647,-5,-1,0.052217454,-1,-5,1,-3,-1,1,-3,-1,-3,-2,0.333333333,-2,0,-1,-1,0,1
-4,0.117647059,-5,-4,0.063387257,-3,-4,0.666666667,-2,-1,1,-3,-1,-3,-1,0,-3,0,-2,-1,0,0
-4,0.029411765,-3,-5,0.102233961,-1,-4,0.333333333,-4,-1,0.333333333,-1,-1,-3,-1,0,-3,0,-1,-1,0,0
-4,0.161764706,-5,-2,0.171563772,-4,-5,0.666666667,-3,-1,1,-4,-2,-3,-1,0.333333333,-3,0,-2,-1,1,0
-4,0.205882353,-5,-5,0.046660064,-1,-1,1,-2,-1,1,-3,-1,-3,-2,0.333333333,-1,0,-1,-1,0,0
-4,0.205882353,-3,-1,0.132717068,-5,-4,1,-3,-1,0.666666667,-2,-1,-3,-2,0,-3,0,-1,-2,0,0
-3,0.294117647,-5,-1,0.060195884,-5,-4,1,-3,-1,0.333333333,-1,-1,-1,-2,0.333333333,-2,1,-1,-1,0,1
-4,0.382352941,-5,-5,0.142016067,-1,-3,1,-2,-1,0.333333333,-3,-1,-3,-2,0,-3,0,-2,-1,0,0
-4,0.117647059,-3,-10,0.071090569,-1,-4,0.333333333,-3,-1,1,-3,-1,-3,-2,0,-3,0,-2,-1,0,0
-2,0.205882353,-5,-1,0.034885001,-1,-5,1,-3,-1,1,-3,-1,-1,-2,0,-3,1,-2,-1,0,1
-2,0.647058824,-4,-10,0.353857159,-5,-3,1,-3,-1,1,-4,-1,-3,-3,0,-3,1,-2,-1,0,0
-1,0.205882353,-3,-2,0.399526797,-5,-5,0,-3,-1,1,-2,-1,-3,-3,0,-3,1,-2,-1,0,1
-1,0.029411765,-5,-1,0.245735666,-5,-2,0,-3,-1,0.666666667,-1,-1,-3,-2,0.333333333,-2,1,-1,-1,0,0
-1,0.382352941,-3,-4,0.118631011,-1,-4,1,-2,-1,1,-1,-2,-3,-1,0,-3,0,-1,-1,1,1
-2,0.323529412,-3,-2,0.424562562,-1,-2,0.333333333,-3,-1,0.666666667,-3,-1,-3,-2,0.333333333,-3,0,-1,-1,0,0
-4,0.294117647,-4,-10,0.198800484,-1,-3,0,-3,-1,0.333333333,-4,-1,-3,-3,0,-3,0,-1,-1,0,0
-2,0.602941176,-5,-2,0.238032354,-2,-1,0.666666667,-3,-1,1,-3,-1,-3,-2,0,-3,0,-1,-1,0,0
-4,0.294117647,-3,-5,0.058380103,-2,-4,1,-4,-1,0.666666667,-2,-1,-3,-2,0,-3,0,-2,-1,0,0
-4,0.161764706,-3,-5,0.095135908,-5,-5,1,-3,-1,0.333333333,-3,-1,-3,-2,0,-3,0,-1,-1,0,0
-2,0.294117647,-3,-4,0.155111698,-2,-5,1,-3,-1,1,-4,-1,-3,-3,0,-3,0,-1,-1,0,0
-1,0.470588235,-3,-2,0.28848905,-1,-5,0.333333333,-3,-1,1,-4,-1,-3,-3,0,-3,1,-1,-1,0,0
-2,0.073529412,-3,-4,0.097942115,-5,-4,0.333333333,-3,-1,0,-3,-2,-3,-2,0,-3,0,-2,-1,1,0
-4,0.294117647,-3,-1,0.070155167,-4,-4,1,-2,-1,0.666666667,-3,-1,-3,-2,0,-3,1,-2,-1,0,0
-1,0.117647059,-3,-4,0.025200836,-1,-3,0.333333333,-3,-3,0.666666667,-2,-1,-3,-2,0,-2,1,-1,-1,0,0
-3,0.470588235,-3,-5,0.232364917,-1,-5,1,-3,-1,0.333333333,-3,-1,-3,-2,0,-3,0,-1,-1,0,0
-4,0.470588235,-5,-5,0.170133157,-5,-5,1,-3,-1,0.333333333,-3,-1,-3,-2,0,-3,0,-2,-1,0,0
-3,0.161764706,-5,-5,0.056179157,-5,-3,0.666666667,-3,-1,1,-4,-1,-3,-3,0.333333333,-3,0,-2,-1,0,1
-1,0.117647059,-4,-1,0.060195884,-1,-3,1,-3,-1,0.333333333,-1,-1,-3,-2,0.333333333,-2,1,-1,-1,0,0
-2,0.029411765,-3,-5,0.006492792,-5,-5,1,-3,-1,1,-2,-1,-3,-2,0,-3,0,-1,-1,0,0
-2,0.073529412,-2,-2,0.268460438,-1,-5,0.333333333,-2,-1,1,-4,-1,-1,-3,0,-4,1,-2,-1,0,1
-3,0.029411765,-3,-1,0.02525586,-4,-2,0.333333333,-4,-1,0.333333333,-1,-1,-3,-2,0,-1,0,-1,-2,0,0
-2,0.205882353,-3,-1,0.309012876,-2,-3,0.333333333,-3,-1,0.333333333,-3,-1,-3,-2,0.333333333,-3,0,-2,-1,0,0
-1,0.470588235,-3,-4,0.204082756,-1,-1,1,-3,-1,0.666666667,-2,-1,-3,-2,0,-4,0,-2,-1,0,0
-4,0.117647059,-3,-4,0.081765159,-1,-4,0.666666667,-2,-1,1,-1,-1,-3,-2,0,-2,0,-1,-1,0,0
-1,0.073529412,-3,-5,0.061406405,-1,-2,0.666666667,-2,-1,1,-2,-2,-3,-1,0,-3,0,-1,-1,1,1
-4,0.088235294,-3,-1,0.071310664,-1,-3,0.666666667,-3,-1,0.333333333,-1,-1,-3,-2,0,-2,1,-1,-2,0,0
-4,0.470588235,-5,-2,0.307692308,-1,-5,0.333333333,-3,-1,0.333333333,-2,-1,-3,-2,0.333333333,-3,1,-2,-1,0,0
-1,0.161764706,-5,-4,0.067569055,-1,-5,1,-3,-1,1,-3,-1,-3,-2,0.333333333,-3,1,-2,-1,0,0
-1,0.294117647,-3,-1,0.056949488,-5,-4,1,-2,-1,1,-4,-1,-3,-1,0,-3,0,-1,-1,0,1
-4,0.470588235,-3,-10,0.393914383,-5,-5,0.666666667,-3,-1,0.333333333,-2,-1,-3,-2,0.333333333,-3,0,-1,-1,0,0
-4,0.117647059,-5,-10,0.055793991,-5,-5,1,-3,-1,1,-4,-1,-3,-1,0,-2,0,-1,-1,0,0
-4,0.117647059,-5,-10,0.112358314,-1,-1,1,-3,-1,0.333333333,-3,-1,-2,-2,0.333333333,-4,0,-2,-1,0,1
-4,0.161764706,-3,-6,0.034334764,-5,-2,1,-2,-1,0,-1,-2,-3,-2,0,-3,0,-1,-1,1,0
-1,0.294117647,-3,-1,0.052657643,-1,-2,1,-2,-1,1,-2,-2,-3,-1,0,-3,0,-1,-1,1,1
-1,0.382352941,-5,-2,0.570760427,-1,-5,0.666666667,-3,-1,1,-4,-1,-3,-3,0.666666667,-4,1,-2,-1,0,0
-4,0.294117647,-3,-2,0.133652471,-1,-2,1,-2,-1,0,-4,-1,-3,-2,0,-4,0,-2,-1,0,0
-1,0.029411765,-5,-5,0.004842082,-3,-5,1,-3,-1,1,-3,-1,-3,-2,0.333333333,-3,0,-1,-1,0,0
-4,0.294117647,-3,-4,0.142236162,-3,-5,0.666666667,-3,-1,1,-2,-1,-3,-2,0,-3,0,-1,-1,0,0
-2,0.294117647,-3,-1,0.179487179,-2,-4,0.333333333,-3,-1,0.666666667,-3,-1,-1,-2,0.333333333,-3,0,-2,-1,0,0
-2,0.25,-3,-10,0.051612193,-1,-5,0.333333333,-2,-1,1,-2,-1,-3,-2,0,-3,1,-1,-1,0,1
-4,0.294117647,-5,-4,0.194068449,-4,-3,1,-3,-1,1,-1,-1,-3,-2,0,-3,0,-2,-1,0,0
-3,0.294117647,-3,-5,0.062011665,-2,-5,1,-2,-1,0.333333333,-4,-1,-3,-3,0,-3,0,-2,-1,0,0
-2,0.338235294,-5,-5,0.124903709,-3,-3,1,-3,-1,0.333333333,-2,-2,-3,-2,0.333333333,-2,0,-1,-1,1,1
-2,0.647058824,-1,-3,1,-1,-3,0,-2,-1,0.333333333,-2,-1,-1,-2,0,-4,0,-2,-2,0,1
-4,0.117647059,-5,-1,0.023770221,-2,-4,1,-2,-1,0.666666667,-3,-1,-3,-2,0.333333333,-3,0,-2,-1,0,0
-2,0.117647059,-3,-1,0.035105095,-1,-5,1,-3,-1,1,-3,-1,-1,-2,0,-2,1,-1,-1,0,1
-4,0.073529412,-3,-10,0.065973369,-1,-4,0.666666667,-2,-1,0.333333333,-3,-1,-3,-2,0.333333333,-3,0,-1,-1,0,0
-2,0.117647059,-3,-5,0.147463409,-1,-4,0.333333333,-2,-1,0,-1,-1,-3,-2,0,-3,0,-1,-1,0,0
-4,0.073529412,-3,-5,0.067569055,-1,-4,1,-3,-1,0.333333333,-3,-2,-3,-2,0,-3,0,-1,-1,1,1
-4,0.029411765,-3,-4,0.083415869,-1,-3,0,-4,-1,0.333333333,-2,-2,-3,-1,0,-3,0,-1,-1,1,0
-4,0.029411765,-5,-1,0.00616265,-2,-3,1,-2,-1,1,-3,-1,-3,-2,0.333333333,-2,0,-1,-1,0,0
-3,0.294117647,-5,-10,0.056399252,-4,-3,0.333333333,-1,-1,1,-1,-1,-3,-2,0.333333333,-3,0,-2,-1,0,0
-1,0.294117647,-3,-10,0.347639485,-1,-3,0.333333333,-4,-1,0.333333333,-3,-2,-2,-2,0,-2,0,-1,-1,1,0
-4,0.029411765,-5,-4,0.053427974,-5,-3,0,-4,-1,0.333333333,-2,-1,-3,-2,0.333333333,-3,0,-1,-1,0,0
-1,0.205882353,-3,-5,0.092769891,-5,-4,0.333333333,-4,-1,1,-3,-2,-3,-1,0.333333333,-2,0,-1,-1,1,0
-2,0.073529412,-5,-4,0.091834489,-1,-4,1,-3,-1,0.666666667,-3,-1,-3,-1,0,-3,0,-2,-1,0,0
-2,0.382352941,-5,-1,0.274237922,-1,-1,1,-4,-1,0.333333333,-3,-1,-3,-2,0.333333333,-4,0,-1,-1,0,1
-3,0.382352941,-5,-5,0.152250468,-1,-5,1,-3,-1,1,-2,-1,-3,-2,0,-3,0,-1,-1,0,0
-4,0.029411765,-2,-1,0.029327611,-5,-3,0,-3,-3,0.333333333,-1,-1,-2,-2,0,-2,1,-1,-1,0,0
-1,0.338235294,-3,-5,0.174204908,-1,-3,0.666666667,-3,-1,0.333333333,-3,-1,-3,-2,0,-4,0,-1,-1,0,0
-1,0.117647059,-3,-4,0.183779025,-1,-3,0.333333333,-3,-2,0.333333333,-2,-1,-3,-2,0,-2,1,-1,-1,0,0
-2,0.470588235,-5,-5,0.114834379,-1,-5,1,-3,-1,1,-1,-1,-3,-2,0,-3,0,-1,-1,0,0
-2,0.470588235,-5,-1,0.141410807,-1,-2,1,-1,-1,1,-3,-1,-3,-2,0.333333333,-3,0,-1,-1,0,1
-2,0.073529412,-5,-8,0.068834599,-1,-5,0.333333333,-2,-1,0.666666667,-3,-1,-3,-2,0.333333333,-4,0,-2,-1,0,1
-2,0.470588235,-3,-8,0.111312865,-1,-4,0.666666667,-3,-1,0,-3,-1,-3,-2,0.333333333,-3,1,-1,-1,0,0
-2,0.647058824,-3,-1,0.347199296,-2,-4,0.666666667,-3,-1,0.333333333,-2,-2,-3,-2,0,-3,0,-1,-1,1,1
-2,0.073529412,-5,-8,0.048750963,-4,-5,1,-3,-1,0.666666667,-4,-1,-3,-3,0.333333333,-3,1,-1,-1,0,1
-1,0.294117647,-3,-4,0.215637724,-1,-3,1,-3,-1,1,-2,-1,-3,-2,0,-3,0,-1,-1,0,0
-1,0.117647059,-5,-1,0.102949268,-1,-3,1,-3,-1,0.333333333,-2,-1,-3,-2,0.333333333,-3,0,-1,-1,0,0
-2,0.294117647,-3,-5,0.156377242,-2,-2,0.666666667,-4,-1,0.333333333,-3,-2,-3,-1,0,-3,0,-2,-1,1,1
-2,0.117647059,-3,-9,0.027731925,-5,-5,1,-3,-1,1,-2,-1,-3,-2,0.333333333,-3,0,-1,-1,0,0
-4,0.117647059,-3,-5,0.034995048,-5,-3,1,-2,-1,0.333333333,-3,-2,-3,-2,0,-3,0,-1,-1,1,0
-1,0.205882353,-3,-6,0.053207879,-1,-3,1,-4,-1,0.666666667,-1,-1,-3,-2,0,-2,0,-2,-1,0,1
-1,0.647058824,-3,-8,0.397600968,-1,-4,1,-3,-1,0,-4,-1,-3,-3,0,-4,0,-2,-1,0,0
-4,0.029411765,-5,-1,0,-4,-3,0.333333333,-2,-1,0.333333333,-1,-1,-1,-2,0.333333333,-2,0,-1,-1,0,0
-1,0.294117647,-3,-5,0.117420491,-1,-5,1,-3,-1,1,-1,-1,-1,-1,0,-2,0,-1,-1,0,0
-1,0.294117647,-4,-1,0.25420931,-1,-3,0.666666667,-3,-1,1,-4,-1,-3,-3,0.333333333,-3,1,-1,-1,0,1
-1,0.117647059,-5,-4,0.109827226,-1,-5,0.666666667,-3,-1,0.666666667,-2,-1,-3,-2,0.333333333,-3,0,-1,-1,0,1
-4,0.294117647,-3,-5,0.063992517,-1,-3,1,-4,-1,0.333333333,-2,-1,-3,-2,0,-3,0,-1,-1,0,0
-2,0.205882353,-1,-1,0.111587983,-2,-2,0.666666667,-2,-1,0.666666667,-3,-1,-3,-2,0.333333333,-3,0,-1,-1,0,1
-4,0.470588235,-3,-4,0.590073732,-1,-1,1,-2,-1,0.333333333,-3,-1,-3,-2,0.333333333,-4,0,-2,-1,0,1
-4,0.294117647,-3,-4,0.037361065,-5,-4,1,-3,-1,0.333333333,-3,-1,-2,-2,0,-3,0,-2,-1,0,0
-4,0.117647059,-5,-4,0.305436338,-5,-5,0.333333333,-3,-1,1,-2,-1,-3,-1,0,-3,0,-2,-1,0,0
-4,0.117647059,-3,-1,0.143556729,-5,-1,1,-3,-1,1,-4,-1,-3,-2,0,-4,0,-2,-1,0,0
-2,0.647058824,-1,-10,0.197755035,-2,-4,1,-3,-1,1,-4,-1,-3,-3,0,-2,1,-1,-1,0,1
-4,0,-5,-5,0.068944646,-1,-4,0.333333333,-3,-1,0,-1,-1,-3,-2,0.333333333,-2,1,-1,-1,0,0
-4,0.117647059,-3,-8,0.062892044,-1,-5,1,-3,-1,1,-2,-1,-1,-2,0.666666667,-3,1,-2,-1,0,0
-1,0.029411765,-5,-1,0.022889843,-4,-4,0.666666667,-2,-1,1,-1,-1,-3,-2,0.333333333,-2,0,-2,-1,0,0
-4,0.264705882,-3,-1,0.056839441,-5,-4,1,-2,-1,1,-2,-2,-3,-1,0,-3,0,-1,-1,1,0
-1,0.117647059,-3,-5,0.026246286,-2,-2,1,-4,-1,0.666666667,-4,-1,-3,-2,0,-2,0,-2,-1,0,1
-4,0.161764706,-3,-2,0.24248927,-1,-3,0.666666667,-3,-1,0.333333333,-3,-1,-3,-2,0,-3,0,-2,-1,0,0
-4,0.029411765,-3,-4,0.071145593,-4,-3,1,-1,-1,0.333333333,-1,-1,-3,-2,0,-3,0,-1,-1,0,0
-1,0.117647059,-5,-1,0.105700451,-1,-3,1,-3,-1,1,-2,-1,-1,-2,0.333333333,-2,0,-1,-2,0,0
-4,0,-5,-1,0.066303511,-1,-4,0.333333333,-3,-1,0,-1,-1,-3,-2,0.666666667,-2,1,-1,-1,0,0
-4,0.205882353,-3,-2,0.172114009,-5,-3,0.333333333,-3,-1,0,-2,-1,-3,-2,0,-3,0,-2,-1,0,0
-4,0.117647059,-5,-8,0.024815671,-1,-3,1,-3,-1,0.333333333,-3,-1,-3,-2,0.333333333,-3,0,-1,-1,0,0
-2,0.205882353,-5,-5,0.054748542,-1,-3,1,-4,-1,0.333333333,-3,-1,-3,-2,0,-3,0,-1,-1,0,1
-2,0.117647059,-5,-1,0.158137999,-1,-2,0,-3,-1,0.666666667,-1,-1,-1,-2,0.333333333,-2,1,-1,-1,0,0
-4,0.161764706,-3,-2,0.195994278,-2,-2,0,-2,-1,1,-3,-2,-3,-2,0,-3,0,-2,-1,1,0
-2,0.558823529,-2,-2,0.497028722,-1,-1,0,-3,-1,0.333333333,-4,-1,-1,-3,0,-4,0,-2,-1,0,0
-2,0.470588235,-3,-2,0.503356443,-1,-2,0,-4,-1,1,-3,-1,-3,-1,0,-4,0,-2,-1,0,1
-3,0.294117647,-3,-5,0.055463849,-3,-3,0.666666667,-2,-1,0.666666667,-3,-1,-3,-2,0,-2,0,-1,-1,0,0
-2,0.102941176,-4,-5,0.248761968,-1,-4,0.333333333,-3,-1,1,-2,-1,-3,-2,0,-3,0,-1,-1,0,0
-4,0.029411765,-3,-9,0.054363376,-5,-1,1,-3,-1,1,-2,-1,-3,-2,0,-4,1,-2,-1,0,0
-2,0.117647059,-3,-1,0.397380874,-5,-1,0,-2,-1,0.333333333,-1,-2,-3,-1,0,-1,0,-1,-1,1,0
-3,0.117647059,-3,-4,0.06734896,-1,-2,1,-2,-1,0,-2,-1,-1,-2,0,-4,0,-2,-1,0,0
-4,0.735294118,-1,-2,0.505447342,-5,-3,0.333333333,-3,-1,0.333333333,-2,-1,-3,-2,0,-2,1,-1,-1,0,0
-2,0.647058824,-3,-5,0.205183229,-5,-4,1,-3,-1,0,-3,-1,-3,-2,0.333333333,-3,1,-2,-1,0,0
-2,0.029411765,-4,-4,0.044018928,-1,-1,1,-3,-1,0,-2,-1,-2,-2,0.333333333,-4,0,-2,-1,0,0
-2,0.117647059,-5,-2,0.088588093,-1,-1,1,-3,-1,0.333333333,-3,-1,-3,-2,0.333333333,-4,0,-2,-1,0,0
-3,0.205882353,-3,-5,0.101793771,-1,-3,1,-3,-2,0.333333333,-1,-1,-2,-2,0,-3,0,-1,-1,0,1
-2,0.117647059,-3,-1,0.023935292,-1,-4,0.333333333,-4,-1,0.666666667,-3,-2,-1,-2,0,-2,0,-1,-1,1,1
-4,0.25,-3,-2,0.275008254,-5,-3,0,-3,-1,0.666666667,-3,-1,-3,-2,0,-3,0,-1,-1,0,0
-1,0.073529412,-5,-5,0.04886101,-1,-3,1,-3,-1,1,-1,-2,-3,-2,0.333333333,-2,0,-1,-1,1,0
-2,0.205882353,-3,-10,0.093045009,-4,-3,1,-3,-1,0.333333333,-2,-1,-3,-2,0,-2,0,-2,-1,0,0
-4,0.264705882,-3,-5,0.133432376,-3,-5,0.666666667,-3,-1,1,-3,-1,-3,-2,0,-3,0,-1,-1,0,0
-4,0.294117647,-3,-5,0.15709255,-5,-2,1,-3,-1,0.333333333,-3,-2,-3,-2,0.333333333,-3,0,-1,-1,1,0
-1,0.161764706,-3,-1,0.080939804,-1,-2,0.333333333,-3,-1,0.666666667,-1,-1,-3,-2,0,-3,0,-1,-1,0,0
-4,0.117647059,-5,-5,0.092659844,-1,-5,0.333333333,-3,-1,0.333333333,-4,-1,-3,-2,0.333333333,-3,0,-1,-1,0,0
-3,0.088235294,-3,-1,0.054473424,-2,-5,0,-2,-1,1,-4,-1,-3,-3,0,-2,1,-1,-1,0,1
-1,0.058823529,-5,-3,0.050291625,-1,-5,0.666666667,-3,-1,1,-4,-1,-1,-3,0.333333333,-4,1,-2,-1,0,0
-1,0.294117647,-3,-4,0.170298228,-1,-5,1,-3,-1,0.333333333,-2,-1,-3,-1,0,-4,0,-2,-1,0,1
-4,0.294117647,-5,-1,0.12176736,-2,-4,1,-4,-1,0.666666667,-2,-1,-3,-2,0.333333333,-3,0,-2,-1,0,0
-2,0.117647059,-5,-2,0.085506768,-2,-2,0.666666667,-3,-1,1,-2,-1,-3,-2,0,-3,0,-1,-1,0,0
-2,0.073529412,-3,-4,0.036755805,-1,-3,1,-2,-1,0,-2,-1,-3,-2,0,-3,0,-1,-1,0,1
-4,0.470588235,-3,-5,0.117970727,-5,-3,1,-2,-1,1,-3,-2,-3,-2,0,-3,0,-1,-1,1,0
-1,0.470588235,-5,-2,0.516066909,-1,-4,1,-3,-1,1,-3,-2,-3,-2,0.333333333,-3,0,-2,-1,1,1
-4,0.294117647,-3,-1,0.110322439,-5,-2,1,-3,-1,0,-2,-1,-3,-2,0,-3,0,-1,-1,0,0
-2,0.294117647,-3,-2,0.212556399,-3,-2,0.666666667,-2,-1,1,-3,-1,-3,-1,0,-3,0,-1,-1,0,1
-4,0.25,-1,-1,0.261527457,-5,-3,0,-2,-1,1,-2,-1,-1,-2,0.333333333,-3,0,-2,-1,0,1
-1,0.382352941,-1,-4,0.23841752,-1,-3,0.333333333,-1,-3,0.333333333,-1,-1,-3,-2,0.333333333,-3,0,-1,-1,0,0
-2,0.117647059,-3,-2,0.097832068,-5,-3,1,-3,-1,0.333333333,-3,-1,-3,-2,0,-3,0,-1,-1,0,0
-4,0.161764706,-3,-1,0.181908221,-5,-3,0.666666667,-3,-1,0.333333333,-4,-1,-3,-2,0,-3,0,-1,-1,0,0
-4,0.647058824,-3,-10,0.201606691,-5,-3,1,-1,-1,0.333333333,-1,-1,-1,-2,0,-3,0,-1,-1,0,1
-1,0.205882353,-4,-8,0.45234951,-5,-3,0,-2,-1,0.333333333,-3,-2,-3,-1,0.333333333,-3,0,-2,-1,1,0
-1,0.029411765,-3,-2,0.060636074,-3,-1,0,-2,-1,0.333333333,-2,-2,-3,-1,0,-1,0,-2,-1,1,0
-4,0.117647059,-5,-7,0.04104765,-5,-4,1,-2,-1,1,-1,-2,-3,-2,0.333333333,-3,0,-1,-1,1,0
-4,0.470588235,-3,-8,0.484483328,-5,-3,0.333333333,-3,-1,1,-4,-1,-3,-3,0,-2,1,-2,-1,0,0
-2,0.294117647,-5,-2,0.413117641,-4,-5,0.333333333,-2,-1,1,-4,-1,-3,-1,0,-3,0,-1,-1,0,0
-2,0.647058824,-2,-10,0.182458457,-2,-4,1,-3,-1,0.333333333,-3,-1,-3,-2,0,-3,0,-1,-1,0,0
-1,0.161764706,-3,-1,0.124408496,-1,-1,0,-2,-1,1,-3,-2,-3,-1,0,-3,0,-1,-1,1,0
-2,0.117647059,-1,-9,0.063827446,-1,-3,0.333333333,-3,-1,0.333333333,-1,-1,-3,-2,0,-2,0,-2,-1,0,0
-2,0.382352941,-3,-4,0.197094751,-1,-2,0.333333333,-4,-1,0,-2,-2,-3,-2,0,-3,0,-1,-1,1,0
-1,0.205882353,-5,-4,0.043963904,-1,-2,1,-2,-1,1,-2,-2,-3,-1,0,-3,0,-1,-1,1,0
-1,0.558823529,-5,-7,0.172994388,-1,-1,1,-3,-2,1,-3,-1,-3,-2,0.333333333,-1,0,-1,-1,0,0
-3,0.470588235,-3,-5,0.30802245,-1,-3,1,-3,-1,0,-3,-2,-3,-2,0,-3,0,-1,-1,1,0
-1,0.338235294,-5,-10,0.120611863,-1,-5,1,-3,-1,1,-3,-1,-2,-2,1,-4,1,-2,-1,0,0
-2,0.470588235,-3,-1,0.667932211,-5,-3,0,-3,-1,1,-4,-1,-3,-3,0,-3,0,-2,-1,0,1
-1,0.25,-2,-1,0.076868053,-5,-3,1,-3,-1,0.333333333,-2,-1,-3,-2,0.333333333,-2,1,-1,-1,0,1
-4,0.25,-5,-4,0.112138219,-1,-2,1,-2,-1,1,-2,-2,-3,-2,0,-3,0,-2,-1,1,0
-1,0.470588235,-3,-1,0.165015957,-1,-4,0.333333333,-3,-1,1,-4,-1,-1,-3,0,-4,1,-2,-1,0,0
-4,0.294117647,-3,-1,0.192967976,-1,-5,1,-2,-2,1,-4,-1,-3,-3,0,-3,0,-2,-1,0,0
-1,0.470588235,-3,-1,0.496368438,-1,-4,0.333333333,-3,-1,0,-3,-2,-3,-2,0,-3,0,-2,-1,1,1
-2,0.294117647,-3,-5,0.098437328,-1,-2,0,-4,-1,0,-2,-2,-3,-2,0,-3,0,-2,-1,1,1
-1,0.647058824,-3,-1,0.413392759,-1,-5,1,-3,-1,1,-4,-1,-1,-3,0,-4,0,-1,-1,0,1
-1,0.470588235,-4,-8,0.365192033,-1,-3,1,-3,-1,0.666666667,-2,-1,-2,-2,0,-3,0,-2,-1,0,1
-4,0.029411765,-3,-2,0.054253329,-3,-3,0.333333333,-3,-1,1,-2,-1,-3,-1,0,-3,0,-1,-1,0,0
-1,0.294117647,-2,-5,0.071310664,-1,-4,1,-3,-3,1,-3,-2,-1,-1,0,-2,0,-1,-1,1,1
-4,0.470588235,-5,-1,0.418454936,-1,-3,1,-2,-1,0.333333333,-1,-2,-2,-2,0.333333333,-3,0,-2,-1,1,1
-4,0.294117647,-3,-9,0.037801255,-1,-2,1,-4,-1,0.666666667,-3,-1,-3,-2,0.333333333,-2,0,-1,-1,0,0
-3,0.073529412,-3,-5,0.027236712,-1,-3,0.666666667,-2,-1,0.333333333,-1,-1,-3,-2,0,-2,0,-1,-1,0,1
-4,0.205882353,-5,-5,0.085286673,-1,-3,1,-3,-1,0.333333333,-3,-2,-3,-2,0.333333333,-3,0,-1,-1,1,0
-1,0.161764706,-5,-4,0.039892154,-1,-3,0.333333333,-1,-1,0.666666667,-2,-2,-3,-2,0.333333333,-3,0,-1,-1,1,0
-4,0.294117647,-3,-1,0.06734896,-2,-2,1,-4,-1,0.666666667,-1,-1,-3,-2,0,-3,0,-2,-1,0,0
-2,0.602941176,-3,-5,0.153020799,-2,-3,1,-3,-3,1,-2,-2,-3,-1,0,-3,0,-1,-1,1,1
-4,0.294117647,-3,-5,0.111918125,-1,-4,1,-3,-1,0.333333333,-3,-1,-3,-2,0,-3,0,-2,-1,0,0
-4,0.294117647,-5,-2,0.208649719,-5,-4,0.666666667,-3,-1,1,-2,-1,-3,-2,0.333333333,-3,0,-2,-1,0,0
-4,0.205882353,-5,-1,0.042808408,-1,-3,1,-2,-1,0.666666667,-1,-1,-3,-2,0.333333333,-3,0,-1,-1,0,0
-3,0.117647059,-2,-10,0.019753494,-1,-2,1,-2,-1,0,-1,-1,-3,-2,0,-1,0,-1,-1,0,1
-1,0.294117647,-3,-5,0.120446792,-1,-2,1,-2,-1,1,-1,-1,-3,-2,0,-3,0,-2,-1,0,1
-4,0.294117647,-4,-4,0.214647298,-2,-3,0.333333333,-3,-1,0.666666667,-2,-1,-3,-2,0.333333333,-3,0,-1,-1,0,0
-1,0.205882353,-5,-7,0.051722241,-1,-1,0.333333333,-2,-1,1,-4,-1,-3,-3,0.666666667,-1,1,-1,-1,0,1
-3,0.294117647,-3,-4,0.092164631,-1,-3,0.333333333,-3,-1,0.333333333,-1,-1,-3,-2,0,-3,0,-1,-1,0,0
-4,0.294117647,-3,-4,0.289479476,-2,-3,1,-3,-1,0,-3,-2,-2,-2,0,-3,0,-1,-1,1,0
-4,0.205882353,-3,-10,0.093540222,-1,-4,1,-3,-1,0,-3,-1,-2,-2,0.333333333,-3,0,-2,-1,0,0
-2,0.235294118,-1,-2,0.324529548,-2,-5,0.666666667,-4,-1,1,-3,-1,-1,-2,0.333333333,-3,0,-2,-1,0,0
-1,0.647058824,-3,-2,0.552822714,-1,-4,1,-3,-1,1,-4,-1,-2,-3,0.666666667,-3,1,-2,-1,0,1
-1,0.25,-5,-1,0.074391989,-1,-5,1,-4,-1,0.666666667,-3,-1,-3,-2,0.333333333,-3,0,-2,-1,0,0
-2,0.470588235,-4,-10,0.231374491,-1,-3,0.333333333,-1,-1,0.333333333,-1,-1,-2,-2,0.333333333,-4,0,-2,-1,0,1
-4,0.088235294,-3,-2,0.142951469,-2,-3,0,-3,-2,0.333333333,-1,-1,-3,-2,0,-3,1,-1,-1,0,0
-1,0.161764706,-3,-10,0.030593155,-1,-3,1,-2,-1,1,-2,-2,-3,-2,0,-2,0,-1,-1,1,0
-4,0.294117647,-3,-1,0.067073842,-2,-5,1,-4,-1,1,-1,-1,-3,-1,0,-2,0,-1,-1,0,0
-4,0.029411765,-5,-1,0.100693298,-3,-3,0,-4,-1,0.333333333,-3,-2,-3,-2,0,-3,0,-1,-1,1,0
-2,0.294117647,-4,-4,0.09981292,-1,-1,0.666666667,-2,-1,0.333333333,-2,-1,-3,-2,0,-4,0,-2,-1,0,1
-2,0.294117647,-3,-1,0.054803566,-1,-2,1,-3,-1,0.333333333,-1,-2,-2,-2,0,-2,0,-1,-1,1,1
-4,0.132352941,-3,-5,0.063772422,-2,-1,0.333333333,-2,-1,1,-1,-1,-3,-2,0,-3,0,-1,-1,0,0
-3,0.470588235,-3,-5,0.217893694,-1,-3,1,-3,-1,0.333333333,-3,-1,-3,-2,0,-3,0,-1,-1,0,1
-4,0.205882353,-5,-8,0.088808188,-2,-3,1,-2,-1,0.333333333,-1,-1,-3,-2,0.333333333,-3,0,-1,-1,0,1
-2,0.294117647,-5,-5,0.082150325,-1,-5,1,-3,-1,0.333333333,-2,-1,-3,-2,0.333333333,-2,0,-1,-1,0,0
-4,0.294117647,-5,-3,0.333663475,-1,-1,1,-3,-2,0.333333333,-4,-1,-1,-2,0.333333333,-4,0,-2,-1,0,0
-4,0.294117647,-3,-5,0.070595356,-1,-2,1,-2,-1,0.666666667,-3,-1,-2,-2,0,-3,0,-2,-1,0,0
-1,0.294117647,-2,-10,0.160173875,-1,-3,1,-3,-1,0.333333333,-2,-1,-3,-1,0,-3,0,-2,-1,0,1
-4,0.073529412,-5,-1,0.103664576,-1,-3,1,-3,-1,1,-3,-1,-3,-2,0.666666667,-3,0,-2,-1,0,0
-4,0.029411765,-3,-7,0.022559701,-3,-4,0.333333333,-4,-1,1,-1,-2,-3,-1,0,-2,0,-1,-1,1,0
-2,0.294117647,-4,-5,0.338560581,-1,-2,0,-3,-1,0.333333333,-3,-1,-3,-2,0,-3,0,-1,-1,0,0
-4,0.205882353,-5,-4,0.086222075,-1,-3,1,-2,-1,0.333333333,-4,-1,-3,-2,0.333333333,-3,0,-1,-1,0,0
-4,0.470588235,-4,-10,0.425332893,-5,-2,1,-3,-1,1,-3,-1,-3,-1,0.333333333,-3,0,-2,-1,0,1
-4,0.029411765,-5,-5,0.062286783,-1,-3,0,-2,-1,0,-3,-1,-3,-2,0.333333333,-3,0,-2,-1,0,0
-4,0.161764706,-5,-1,0.263838451,-5,-5,0,-2,-1,1,-3,-1,-3,-2,0,-3,0,-2,-1,0,0
-4,0.117647059,-5,-1,0.037195994,-1,-1,0,-2,-1,0.333333333,-2,-1,-3,-2,0,-1,0,-1,-1,0,0
-1,0.205882353,-2,-4,0.071695829,-1,-3,1,-3,-1,0.666666667,-3,-1,-1,-2,0,-3,0,-1,-1,0,1
-2,0.205882353,-3,-5,0.163035105,-3,-2,0,-4,-1,0.666666667,-1,-2,-3,-1,0,-3,0,-1,-1,1,0
-4,0.117647059,-3,-4,0.072851326,-1,-3,1,-3,-1,0.333333333,-1,-1,-3,-2,0,-3,0,-1,-1,0,0
-4,0.117647059,-3,-1,0.046825135,-1,-3,0.666666667,-4,-1,0.333333333,-1,-1,-3,-2,0.333333333,-3,0,-2,-1,0,0
-1,0.161764706,-3,-1,0.204082756,-1,-3,0.666666667,-2,-1,0.333333333,-2,-1,-3,-2,0,-3,0,-2,-1,0,1
-1,0.117647059,-3,-4,0.128040057,-1,-3,0.333333333,-1,-1,0,-3,-1,-3,-2,0,-3,0,-1,-1,0,0
-1,0.294117647,-2,-4,0.364366678,-1,-2,0.333333333,-1,-1,0,-2,-1,-1,-2,0,-3,0,-2,-1,0,1
-3,0.117647059,-4,-1,0.109882249,-1,-3,0.333333333,-2,-1,0.333333333,-3,-1,-2,-2,0.333333333,-3,0,-2,-1,0,0
-4,0.294117647,-3,-10,0.238857709,-4,-3,0.333333333,-3,-1,0.666666667,-2,-1,-3,-2,0.666666667,-4,0,-2,-1,0,1
-3,0.117647059,-3,-5,0.173269506,-5,-5,0.333333333,-3,-1,0.666666667,-3,-1,-3,-2,0,-4,0,-1,-1,0,0
-1,0.470588235,-3,-4,0.135468251,-1,-5,0.333333333,-3,-1,0.333333333,-2,-1,-1,-2,0,-3,1,-1,-1,0,1
-4,0.029411765,-3,-5,0.060305932,-2,-5,0.333333333,-3,-1,1,-4,-1,-1,-3,0,-3,1,-2,-1,0,0
-4,0.294117647,-3,-5,0.313249697,-5,-2,0,-2,-1,0,-3,-1,-3,-2,0.333333333,-3,0,-2,-1,0,1
-1,0.176470588,-5,-1,0.130681193,-1,-5,0.333333333,-3,-3,1,-2,-1,-1,-1,0,-3,0,-2,-1,0,1
-4,0.014705882,-3,-10,0.175965665,-1,-4,0,-3,-1,1,-1,-1,-3,-2,0,-2,0,-1,-1,0,0
-4,0.117647059,-5,-8,0.101573677,-1,-4,0.333333333,-3,-1,0.666666667,-1,-1,-3,-2,0,-2,1,-1,-1,0,0
-1,0.558823529,-3,-4,0.419940574,-1,-4,0.333333333,-3,-3,1,-2,-1,-3,-3,0,-3,1,-1,-1,0,0
-2,0.029411765,-3,-1,0.787113459,-5,-1,0,-3,-1,0.333333333,-2,-2,-3,-2,0,-1,0,-2,-1,1,1
-3,0.029411765,-5,-1,0.05771982,-1,-3,0,-3,-1,0,-1,-1,-3,-2,0.666666667,-1,1,-1,-2,0,0
-4,0.073529412,-3,-5,0.134642896,-1,-3,0,-3,-1,0.333333333,-1,-1,-3,-2,0,-3,1,-1,-1,0,0
-2,0.823529412,-3,-1,0.758060966,-1,-4,1,-3,-1,0.333333333,-4,-1,-3,-2,0,-4,0,-2,-1,0,1
-4,0,-3,-4,0.019313305,-1,-2,0,-2,-1,0.666666667,-1,-2,-3,-1,0,-2,1,-1,-1,1,0
-2,0.470588235,-3,-8,0.190436888,-5,-3,0.333333333,-4,-1,0.333333333,-3,-1,-3,-2,0,-3,0,-1,-1,0,0
-4,0.117647059,-3,-5,0.06839441,-1,-2,1,-2,-1,0.666666667,-3,-1,-3,-2,0,-3,1,-1,-1,0,0
-4,0.117647059,-3,-5,0.104049741,-2,-4,0.666666667,-3,-1,0,-4,-1,-3,-2,0,-3,0,-1,-1,0,0
-2,0.823529412,-3,-1,0.39385936,-2,-2,1,-2,-1,0.333333333,-2,-2,-3,-2,0,-4,0,-1,-1,1,1
-1,0.161764706,-3,-4,0.087762738,-1,-2,1,-2,-3,0,-2,-1,-3,-1,0,-3,0,-1,-1,0,0
-4,0.382352941,-3,-2,0.250962914,-5,-4,0.333333333,-2,-1,1,-2,-2,-2,-1,0,-2,0,-1,-1,1,0
-4,0.117647059,-3,-4,0.083525916,-1,-3,0.666666667,-3,-1,0.333333333,-1,-2,-3,-1,0,-2,0,-1,-1,1,0
-1,0.205882353,-5,-5,0.089688566,-1,-4,1,-4,-1,0,-2,-1,-3,-2,0.333333333,-4,0,-2,-1,0,0
-1,0.147058824,-3,-1,0.480246506,-1,-5,0,-1,-1,1,-2,-1,-3,-2,0,-4,0,-2,-2,0,1
-2,0.117647059,-3,-4,0.040332343,-4,-2,0,-2,-1,1,-1,-2,-3,-1,0,-2,0,-1,-1,1,0
-4,0.029411765,-3,-8,0.070870474,-1,-2,0,-2,-1,0.333333333,-4,-1,-3,-2,0,-3,0,-1,-1,0,0
-1,0.205882353,-5,-4,0.103114339,-1,-3,1,-2,-1,1,-1,-2,-3,-1,0.333333333,-3,0,-1,-1,1,1
-4,0.294117647,-3,-2,0.285187631,-5,-1,0.333333333,-2,-1,1,-2,-1,-3,-1,0,-4,0,-2,-1,0,0
-2,0.205882353,-3,-2,0.139154837,-1,-3,0,-4,-1,0.666666667,-3,-2,-3,-1,0,-3,0,-2,-1,1,0
-2,0.470588235,-5,-2,0.305381314,-1,-3,0.666666667,-3,-1,1,-3,-1,-3,-2,0.333333333,-3,0,-2,-1,0,0
-4,0.205882353,-3,-1,0.086387146,-1,-3,0.333333333,-4,-1,0.333333333,-2,-1,-3,-2,0,-4,0,-2,-1,0,0
-4,0.073529412,-3,-4,0.062616925,-1,-3,1,-2,-1,0.333333333,-1,-1,-3,-1,0,-3,0,-1,-1,0,0
-1,0.647058824,-3,-1,0.202542093,-1,-4,1,-3,-1,1,-4,-1,-3,-3,0,-3,1,-1,-1,0,1
-2,0.382352941,-3,-5,0.150819853,-5,-5,0.333333333,-2,-1,1,-3,-2,-3,-2,0,-3,0,-1,-1,1,0
-2,0.647058824,-2,-10,0.339275889,-1,-5,1,-2,-1,0.666666667,-4,-1,-3,-1,0,-3,0,-1,-1,0,1
-4,0.647058824,-5,-2,0.473643667,-5,-4,0.333333333,-3,-1,0,-4,-1,-3,-3,0.333333333,-3,0,-2,-1,0,0
-2,0.161764706,-3,-7,0.131011335,-2,-3,0.666666667,-2,-1,0.333333333,-1,-2,-3,-2,0,-2,0,-1,-1,1,0
-2,0.205882353,-5,-10,0.183779025,-1,-1,0.666666667,-4,-1,0.666666667,-3,-1,-3,-2,0.666666667,-1,1,-2,-1,0,0
-2,0.382352941,-1,-10,0.221745351,-2,-3,1,-2,-1,1,-3,-1,-3,-1,0.333333333,-2,0,-1,-1,0,1
-2,0.073529412,-3,-5,0.029712776,-3,-3,1,-2,-1,0.666666667,-1,-1,-3,-2,0,-2,0,-1,-1,0,0
-1,0.294117647,-2,-2,0.186090019,-1,-3,0,-2,-3,1,-3,-2,-1,-1,0,-3,0,-1,-2,1,0
-1,0.205882353,-2,-1,0.065588203,-1,-4,1,-3,-1,1,-4,-1,-3,-3,0.333333333,-2,1,-1,-1,0,1
-2,0.294117647,-3,-5,0.094475625,-1,-5,1,-2,-1,1,-3,-2,-3,-2,0,-3,0,-2,-1,1,0
-4,0.294117647,-3,-5,0.164245626,-3,-5,0.666666667,-1,-1,0.333333333,-3,-1,-3,-2,0,-4,0,-2,-1,0,0
-2,0.205882353,-3,-10,0.091504347,-4,-2,0.666666667,-4,-1,0.666666667,-1,-1,-1,-2,0,-3,0,-2,-1,0,0
-3,0.205882353,-3,-4,0.154011225,-1,-2,0,-2,-1,0,-2,-1,-2,-2,0,-2,0,-1,-1,0,0
-2,0.382352941,-4,-10,0.123968306,-2,-5,1,-3,-1,0.333333333,-2,-1,-2,-2,0.333333333,-3,0,-1,-1,0,0
-2,0.088235294,-3,-1,0.388356994,-1,-1,0.333333333,-3,-1,1,-4,-1,-1,-3,0,-4,0,-2,-1,0,0
-1,0.117647059,-3,-1,0.05051172,-1,-3,1,-4,-1,0.666666667,-1,-1,-3,-2,0,-2,0,-1,-1,0,0
-2,0.161764706,-5,-10,0.114229119,-3,-3,0.333333333,-3,-1,1,-3,-1,-1,-2,0,-3,0,-1,-1,0,0
-4,0.470588235,-4,-10,0.51293056,-1,-2,0,-1,-1,0,-3,-1,-3,-2,0.333333333,-3,0,-1,-1,0,1
-4,0.294117647,-3,-5,0.061956641,-3,-4,1,-2,-1,0,-3,-1,-3,-2,0,-3,0,-1,-1,0,0
-2,0.029411765,-3,-5,0.027676901,-1,-3,0.333333333,-2,-3,0.666666667,-1,-1,-3,-2,0,-3,0,-1,-1,0,0
-4,0.558823529,-3,-5,0.380543634,-5,-4,0.333333333,-4,-1,1,-2,-1,-3,-1,0,-3,0,-2,-1,0,0
-2,0.073529412,-3,-1,0.001430615,-1,-3,1,-4,-1,1,-1,-2,-3,-1,0,-2,0,-1,-1,1,0
-2,0.205882353,-3,-7,0.199295697,-1,-1,0.333333333,-2,-1,1,-3,-1,-3,-2,0,-3,0,-2,-1,0,0
-2,0.205882353,-5,-4,0.336249587,-1,-5,0.333333333,-3,-1,0,-4,-1,-3,-2,0,-3,0,-2,-1,0,0
-1,0.161764706,-1,-1,0.038516562,-1,-5,1,-3,-1,0.666666667,-3,-1,-3,-1,0.333333333,-3,1,-1,-1,0,1
-3,0.029411765,-5,-1,0.059040387,-2,-5,0.333333333,-1,-1,1,-3,-1,-3,-2,0.333333333,-3,1,-2,-1,0,0
-4,0.117647059,-3,-5,0.055683944,-1,-3,0.666666667,-3,-1,0.333333333,-3,-2,-3,-2,0,-3,0,-1,-1,1,0
-1,0.602941176,-1,-10,0.636403654,-1,-5,0.333333333,-3,-1,1,-3,-1,-3,-1,0.333333333,-3,0,-1,-1,0,1
-3,0.117647059,-2,-5,0.008748762,-4,-3,0.666666667,-2,-1,0.666666667,-1,-1,-3,-1,0.333333333,-3,0,-1,-1,0,0
-1,0.294117647,-3,-1,0.06223176,-5,-3,1,-2,-1,0.333333333,-2,-1,-3,-2,0,-3,0,-1,-1,0,1
-1,0.823529412,-4,-10,0.362385826,-1,-5,0.666666667,-3,-1,1,-4,-1,-3,-2,0.333333333,-3,0,-2,-1,0,1
-4,0.117647059,-5,-5,0.037416089,-5,-5,1,-3,-1,1,-1,-1,-3,-2,1,-3,0,-1,-1,0,0
-4,0.647058824,-5,-5,0.183118741,-5,-5,1,-3,-1,0,-1,-1,-3,-2,0,-3,0,-2,-1,0,0
-4,0.352941176,-2,-2,0.416749202,-5,-2,0.666666667,-3,-3,1,-1,-1,-1,-1,0.333333333,-3,1,-2,-1,0,0
-1,0.088235294,-5,-1,0.109552107,-1,-2,0,-3,-1,0.666666667,-1,-1,-3,-1,0.333333333,-2,1,-1,-2,0,0
-4,0.073529412,-5,-8,0.054693518,-5,-5,1,-2,-1,1,-2,-1,-3,-1,0.333333333,-2,0,-1,-1,0,0
-4,0.470588235,-4,-2,0.478540773,-5,-4,0.666666667,-3,-1,0.333333333,-3,-1,-2,-2,0,-4,1,-2,-1,0,0
-2,0.470588235,-3,-5,0.250082535,-1,-2,1,-2,-1,0,-4,-1,-3,-2,0,-4,0,-2,-1,0,0
-1,0.029411765,-3,-5,0.131891713,-3,-3,0.333333333,-3,-1,0.666666667,-1,-1,-3,-1,0,-3,1,-1,-1,0,0
-4,0.294117647,-3,-1,0.393034005,-1,-3,0,-3,-1,1,-2,-1,-3,-2,0,-2,1,-1,-1,0,0
-2,0.161764706,-5,-5,0.13634863,-5,-4,1,-3,-3,0.333333333,-1,-1,-1,-2,0.666666667,-3,0,-2,-1,0,0
-4,0.029411765,-4,-5,0.037526136,-1,-3,0.666666667,-2,-1,0.333333333,-1,-2,-3,-2,0,-3,0,-1,-1,1,0
-4,0.117647059,-5,-5,0.030097942,-5,-5,1,-2,-1,0.666666667,-2,-1,-1,-2,0,-2,1,-1,-1,0,1
-1,0.117647059,-2,-5,0.104489931,-1,-3,1,-1,-1,0,-4,-1,-3,-3,0,-3,0,-1,-1,0,1
-1,0.294117647,-3,-5,0.092879938,-1,-2,1,-1,-1,0.666666667,-2,-1,-3,-2,0,-3,0,-1,-1,0,1
-4,0.205882353,-5,-5,0.04946627,-4,-3,1,-3,-1,0.666666667,-1,-1,-3,-2,0.333333333,-3,0,-1,-1,0,0
-1,0.073529412,-3,-1,0.022229559,-1,-3,1,-3,-1,0.666666667,-3,-1,-3,-2,0,-2,0,-1,-1,0,1
-1,0.470588235,-3,-2,0.439033785,-1,-3,0.333333333,-3,-1,0.333333333,-2,-1,-3,-2,0,-3,1,-1,-1,0,1
-1,0.382352941,-3,-4,0.185539782,-4,-5,1,-2,-1,1,-2,-1,-3,-1,0.333333333,-3,0,-2,-1,0,0
-4,0.161764706,-4,-5,0.067569055,-1,-3,1,-4,-1,0.666666667,-1,-1,-1,-2,0.333333333,-3,0,-1,-1,0,0
-2,0.117647059,-3,-5,0.049796412,-1,-5,0.666666667,-4,-3,0.666666667,-1,-1,-1,-2,0.333333333,-2,0,-1,-1,0,0
-1,0.470588235,-3,-4,0.185429735,-1,-3,0,-3,-3,0.333333333,-2,-1,-3,-2,0,-3,1,-1,-1,0,0
-4,0.647058824,-2,-10,0.184824475,-1,-3,0,-2,-1,0,-1,-1,-2,-2,0,-3,0,-1,-1,0,0
-4,0.647058824,-5,-8,0.322438649,-1,-3,0,-3,-1,0.666666667,-4,-1,-1,-3,0,-3,0,-2,-1,0,0
-2,0.25,-5,-10,0.187190492,-1,-4,0.333333333,-3,-1,0.666666667,-2,-1,-3,-2,0.333333333,-3,0,-1,-1,0,0
-4,0.073529412,-5,-8,0.037746231,-3,-5,1,-3,-1,0.333333333,-3,-1,-3,-2,0.333333333,-3,0,-2,-1,0,0
-1,0.823529412,-3,-10,0.387751733,-1,-5,1,-3,-2,1,-4,-1,-3,-1,0,-3,0,-1,-1,0,1
-3,0.294117647,-3,-5,0.269725982,-1,-4,1,-3,-1,0.333333333,-3,-2,-1,-2,0,-3,0,-1,-1,1,0
-2,0.647058824,-1,-1,0.446131837,-3,-2,0,-2,-1,0,-3,-1,-3,-2,0.333333333,-3,0,-1,-1,0,0
-2,0.058823529,-3,-10,0.036150545,-1,-2,0.666666667,-4,-1,0.333333333,-1,-1,-3,-2,0,-3,0,-2,-1,0,0
-4,0.294117647,-3,-5,0.056564323,-1,-5,1,-3,-1,0,-1,-1,-3,-2,0,-4,0,-2,-1,0,0
-1,0.088235294,-5,-1,0.043358644,-1,-4,1,-3,-2,0.666666667,-2,-1,-3,-2,0.333333333,-3,0,-2,-1,0,0
-2,0.25,-3,-4,0.205018158,-5,-4,0.333333333,-3,-1,0.666666667,-3,-1,-3,-2,0,-3,0,-2,-1,0,0
-4,0.294117647,-4,-10,0.116925278,-3,-3,1,-3,-1,0.333333333,-3,-1,-3,-2,0.333333333,-3,1,-2,-1,0,0
-4,0.338235294,-5,-4,0.235281171,-4,-2,1,-3,-1,0.333333333,-1,-1,-2,-2,0.333333333,-2,1,-2,-1,0,0
-4,0.117647059,-3,-5,0.030483108,-1,-5,1,-3,-1,1,-3,-1,-3,-2,0,-3,0,-1,-1,0,0
-2,0.117647059,-1,-4,0.149609332,-1,-2,1,-2,-1,0.666666667,-2,-2,-3,-1,0.333333333,-3,0,-1,-1,1,1
-4,0.117647059,-3,-2,0.063992517,-4,-4,0.666666667,-3,-1,0.333333333,-2,-1,-3,-2,0,-3,0,-1,-2,0,0
-1,0.294117647,-3,-5,0.056784417,-2,-3,1,-2,-1,0.333333333,-3,-1,-3,-2,0,-2,0,-1,-1,0,1
-4,0.161764706,-5,-5,0.067183889,-1,-3,1,-3,-1,1,-4,-1,-3,-3,0.333333333,-3,0,-2,-1,0,0
-4,0.073529412,-3,-1,0.183063717,-2,-3,0,-3,-3,0.333333333,-1,-1,-3,-1,0,-3,1,-1,-2,0,0
-2,0.470588235,-4,-1,0.395179927,-1,-3,0.333333333,-2,-1,0.333333333,-2,-1,-3,-1,0,-3,0,-1,-1,0,0
-2,0.205882353,-5,-10,0.090073732,-5,-3,1,-4,-1,1,-1,-1,-1,-2,0.333333333,-3,0,-1,-1,0,0
-1,0.470588235,-3,-4,0.271211621,-1,-4,1,-3,-1,0.333333333,-2,-1,-3,-2,0,-3,0,-1,-1,0,1
-2,0.132352941,-3,-5,0.101848795,-1,-2,0.333333333,-2,-3,1,-2,-2,-3,-2,0,-2,0,-1,-1,1,0
-1,0.029411765,-5,-1,0.061131286,-1,-2,0.333333333,-3,-1,1,-1,-1,-3,-2,0,-2,1,-1,-2,0,0
-4,0.294117647,-4,-2,0.243699791,-1,-4,0.666666667,-3,-1,0.666666667,-3,-1,-3,-2,0.333333333,-2,0,-2,-1,0,0
-1,0.117647059,-3,-6,0.027016617,-2,-1,1,-2,-1,0.666666667,-2,-2,-3,-2,0,-3,0,-1,-1,1,1
-4,0.470588235,-4,-1,0.584626389,-1,-5,0.333333333,-3,-1,0.333333333,-3,-1,-3,-2,0.333333333,-3,1,-2,-1,0,0
-1,0.161764706,-3,-5,0.044183999,-1,-2,1,-4,-1,0.333333333,-1,-1,-3,-2,0,-3,0,-1,-2,0,0
-1,0.294117647,-2,-3,0.060966215,-5,-5,1,-3,-1,0.666666667,-3,-1,-2,-2,0,-4,0,-2,-1,0,1
-4,0.205882353,-4,-4,0.085726863,-1,-4,1,-2,-1,0,-1,-2,-3,-2,0,-3,0,-1,-1,1,1
-2,0.058823529,-3,-5,0.028062067,-1,-4,1,-2,-3,0.333333333,-1,-1,-3,-2,0,-2,0,-1,-1,0,0
-2,0.029411765,-3,-5,0.099757896,-1,-2,1,-4,-1,0.666666667,-3,-1,-3,-1,0,-4,0,-2,-1,0,0
-1,0.161764706,-3,-1,0.06344228,-1,-3,0.333333333,-2,-1,1,-3,-1,-3,-1,0,-3,0,-1,-1,0,0
-2,0.029411765,-3,-5,0.018708044,-1,-2,0.666666667,-4,-1,0.666666667,-1,-1,-3,-2,0,-2,0,-1,-2,0,0
-1,0.058823529,-5,-1,0.026466381,-1,-5,1,-3,-1,1,-1,-1,-3,-2,0.333333333,-2,0,-1,-1,0,0
-4,0.470588235,-4,-4,0.408715748,-3,-4,0.333333333,-2,-1,1,-3,-1,-3,-2,0.333333333,-3,0,-2,-1,0,0
-4,0.117647059,-5,-5,0.020248707,-1,-5,1,-3,-1,1,-1,-1,-3,-2,0,-3,0,-1,-1,0,0
-4,0.470588235,-3,-4,0.170518323,-1,-3,1,-2,-1,0.333333333,-3,-1,-3,-2,0,-4,0,-2,-1,0,1
-2,0.117647059,-3,-10,0.043303621,-2,-4,0.666666667,-3,-1,1,-1,-1,-3,-2,0,-2,0,-1,-1,0,0
-3,0.117647059,-5,-1,0.067679102,-3,-1,0.333333333,-3,-1,1,-4,-1,-1,-3,0.666666667,-1,0,-1,-1,0,0
-4,0.294117647,-5,-7,0.099482778,-1,-3,1,-1,-1,0.333333333,-1,-1,-3,-2,0.333333333,-3,0,-2,-1,0,0
-4,0.044117647,-4,-5,0.032794101,-5,-5,0.666666667,-3,-1,1,-4,-1,-3,-3,0,-3,0,-1,-1,0,0
-4,0.117647059,-3,-5,0.100308132,-2,-3,1,-2,-2,0.333333333,-1,-1,-3,-2,0,-3,0,-1,-1,0,0
-2,0.117647059,-3,-5,0.020633873,-1,-2,1,-4,-3,0,-1,-1,-1,-2,0,-2,0,-1,-1,0,0
-2,0.073529412,-3,-5,0.102784197,-1,-3,0.333333333,-3,-1,0.333333333,-1,-1,-3,-2,0,-2,1,-1,-1,0,0
-4,0.205882353,-3,-4,0.12462859,-1,-3,0.666666667,-3,-1,1,-1,-1,-3,-2,0,-3,0,-2,-1,0,0
-1,0.294117647,-2,-4,0.170518323,-3,-2,1,-3,-1,1,-4,-1,-3,-3,0,-3,1,-2,-1,0,1
-4,0.470588235,-5,-2,0.594475625,-5,-3,1,-3,-1,0.333333333,-3,-1,-3,-2,0,-4,0,-2,-1,0,0
-4,0.205882353,-5,-5,0.050566744,-5,-3,1,-3,-1,0.666666667,-2,-1,-3,-2,0.333333333,-3,0,-2,-1,0,0
-4,0.294117647,-3,-10,0.055463849,-1,-4,1,-3,-1,0,-1,-2,-3,-2,0,-3,0,-2,-1,1,0
-2,1,-3,-5,0.294101464,-2,-3,0.333333333,-4,-1,0.333333333,-3,-2,-3,-2,0,-3,0,-1,-1,1,1
-2,0.102941176,-5,-1,0.058985364,-4,-3,1,-2,-1,1,-3,-1,-3,-2,0.333333333,-3,0,-1,-1,0,0
-2,0.205882353,-1,-4,0.164740839,-1,-3,0,-2,-1,1,-3,-1,-1,-2,0.333333333,-3,0,-2,-1,0,0
-1,0.117647059,-5,-2,0.063772422,-1,-5,1,-3,-1,0.666666667,-1,-1,-3,-2,0,-3,0,-1,-1,0,0
-1,0.294117647,-2,-4,0.141850996,-3,-3,1,-3,-1,1,-1,-2,-2,-2,0,-3,0,-2,-1,1,0
-2,0.117647059,-3,-1,0.320677891,-1,-4,0.333333333,-3,-1,0.333333333,-3,-1,-3,-2,0,-3,0,-1,-1,0,0
-1,0.029411765,-3,-4,0.009794212,-1,-5,0.333333333,-2,-1,0,-2,-1,-1,-2,0,-3,0,-2,-1,0,0
-1,0.205882353,-5,-1,0.204467921,-1,-5,0,-2,-1,1,-1,-1,-1,-1,0.666666667,-3,0,-2,-1,0,1
-4,0.117647059,-3,-1,0.103609552,-5,-5,1,-2,-1,1,-4,-1,-3,-3,0,-4,0,-2,-1,0,0
-4,0.117647059,-5,-5,0.014966436,-3,-5,1,-3,-1,1,-2,-1,-3,-2,0.333333333,-3,1,-2,-1,0,0
-3,0.161764706,-3,-5,0.114284142,-1,-2,0.333333333,-2,-1,0.666666667,-1,-2,-3,-2,0,-2,0,-1,-1,1,1
-2,0.294117647,-5,-4,0.24683614,-1,-2,0.333333333,-2,-1,1,-3,-2,-1,-2,0,-2,0,-1,-1,1,1
-4,0.161764706,-3,-4,0.135248157,-1,-2,0.333333333,-3,-1,0.666666667,-2,-1,-1,-2,0.333333333,-2,0,-1,-1,0,0
-4,0.294117647,-4,-10,0.150104545,-5,-3,1,-3,-1,1,-1,-1,-3,-2,0.333333333,-3,1,-2,-1,0,0
-1,0.294117647,-3,-4,0.151094971,-5,-3,0.333333333,-4,-1,1,-3,-2,-3,-2,0,-3,0,-1,-1,1,1
-4,0.823529412,-5,-1,0.743149554,-5,-5,0.333333333,-3,-1,1,-4,-1,-1,-3,0,-4,0,-2,-1,0,0
-2,0.647058824,-3,-10,0.848574887,-1,-3,0.333333333,-3,-1,0.333333333,-3,-2,-3,-2,0,-3,0,-2,-1,1,1
-3,0.117647059,-3,-5,0.057609772,-1,-3,0.666666667,-4,-1,1,-1,-2,-3,-1,0,-3,0,-1,-1,1,0
-2,0.205882353,-3,-5,0.033894575,-1,-3,1,-4,-3,0.333333333,-1,-2,-3,-2,0,-2,0,-1,-1,1,0
-1,0.117647059,-3,-4,0.419005172,-1,-5,1,-3,-1,1,-4,-1,-3,-3,0,-4,0,-2,-1,0,1
-4,0.338235294,-4,-2,0.46016287,-4,-3,0.333333333,-3,-1,0.333333333,-3,-1,-3,-2,0.333333333,-3,0,-1,-1,0,0
-4,0.117647059,-4,-2,0.068944646,-1,-3,1,-4,-1,1,-1,-1,-3,-1,0,-3,0,-1,-1,0,0
-4,0.382352941,-2,-2,0.398096181,-5,-1,1,-2,-1,0,-1,-1,-1,-2,0,-4,0,-2,-1,0,1
-4,0.382352941,-5,-5,0.155551887,-5,-5,0.666666667,-3,-1,0.333333333,-3,-1,-3,-2,0.333333333,-3,1,-2,-1,0,0
-2,0.073529412,-3,-4,0.039011775,-1,-3,0,-2,-1,0.333333333,-3,-1,-3,-2,0,-3,0,-1,-2,0,1
-1,0.029411765,-5,-4,0.172444151,-1,-3,0,-1,-1,1,-1,-1,-3,-1,0,-4,0,-2,-1,0,1
-2,0.088235294,-3,-4,0.069935072,-1,-3,1,-1,-1,0.333333333,-3,-1,-3,-2,0,-2,0,-1,-1,0,0
-2,0.470588235,-4,-1,0.431165401,-2,-5,0.333333333,-3,-1,1,-3,-1,-3,-2,1,-4,0,-2,-1,0,1
-1,0.117647059,-5,-1,0.178771872,-1,-3,0.666666667,-2,-2,0.333333333,-1,-1,-3,-2,0.333333333,-3,0,-1,-1,0,1
-2,0.382352941,-5,-1,0.220039617,-1,-1,1,-4,-1,0.333333333,-3,-1,-3,-2,0.333333333,-4,0,-1,-1,0,1
-1,0.294117647,-4,-5,0.077528337,-1,-2,1,-2,-1,0.333333333,-3,-1,-3,-1,0,-2,0,-2,-1,0,1
-4,0.029411765,-2,-5,0.08253549,-3,-5,0.333333333,-3,-1,1,-2,-1,-1,-2,0,-2,1,-1,-1,0,0
-1,0.205882353,-2,-5,0.092989986,-1,-2,0.666666667,-3,-2,1,-4,-1,-1,-3,0,-4,0,-2,-1,0,0
-1,0.147058824,-3,-1,0.204853087,-1,-1,0,-3,-1,1,-4,-2,-3,-3,0,-3,0,-1,-1,1,0
-4,0.338235294,-3,-1,0.127654892,-1,-3,0.666666667,-2,-1,0.666666667,-1,-2,-3,-1,0,-3,0,-1,-1,1,1
-3,0.088235294,-5,-1,0.029217564,-1,-5,1,-3,-1,1,-4,-1,-3,-3,0.333333333,-3,0,-2,-1,0,0
-1,0.470588235,-4,-10,0.104269836,-1,-4,0.333333333,-3,-1,0,-3,-2,-3,-2,0.333333333,-3,0,-2,-1,1,1
-4,0.470588235,-4,-5,0.231319467,-1,-3,1,-2,-1,1,-1,-1,-3,-2,0.333333333,-3,0,-1,-1,0,0
-4,0.117647059,-5,-5,0.05727963,-1,-3,1,-2,-1,0.333333333,-2,-1,-3,-2,0.333333333,-3,0,-1,-1,0,0
-4,0.294117647,-5,-8,0.07411687,-1,-5,1,-3,-1,1,-4,-1,-3,-3,0.333333333,-3,1,-1,-1,0,0
-4,0.25,-5,-1,0.683944096,-5,-5,1,-3,-1,1,-4,-1,-3,-3,0,-4,0,-2,-1,0,1
-4,0.470588235,-3,-2,0.244084957,-1,-3,0.333333333,-3,-1,0.333333333,-4,-1,-3,-3,0,-4,0,-2,-1,0,0
-2,0.470588235,-4,-1,0.1437218,-2,-5,1,-3,-1,0.666666667,-4,-1,-3,-3,0,-3,0,-1,-1,0,0
-4,0.088235294,-3,-8,0.026246286,-3,-5,1,-3,-1,1,-4,-1,-3,-3,0,-3,0,-2,-1,0,0
-4,0.294117647,-5,-5,0.119621437,-5,-5,1,-3,-1,1,-2,-1,-3,-2,0.333333333,-3,0,-1,-1,0,0
-2,0.117647059,-3,-5,0.059480577,-1,-2,0.333333333,-3,-1,0,-3,-2,-2,-2,0,-3,0,-1,-1,1,1
-1,0.117647059,-3,-5,0.108066469,-1,-3,1,-3,-1,0.666666667,-2,-2,-3,-2,0,-2,0,-1,-1,1,0
-1,0.117647059,-5,-1,0.024265434,-1,-5,1,-3,-1,0.666666667,-2,-1,-3,-2,0.333333333,-3,0,-1,-1,0,1
-4,0,-5,-1,0.172224056,-1,-4,0,-2,-1,0,-1,-1,-3,-2,0,-3,1,-1,-1,0,0
-1,0.029411765,-3,-1,0.061846594,-5,-1,1,-2,-1,0.666666667,-2,-1,-3,-2,0,-4,0,-2,-1,0,0
-2,0.294117647,-4,-4,0.114614284,-5,-2,1,-3,-1,0.333333333,-2,-1,-1,-2,0,-2,0,-1,-1,0,0
-1,0.294117647,-3,-4,0.152470562,-1,-3,0.333333333,-1,-1,0.333333333,-1,-2,-3,-1,0,-2,0,-1,-1,1,0
-4,0.029411765,-3,-4,0.150104545,-3,-3,0,-3,-1,0.333333333,-3,-1,-3,-2,0,-3,0,-2,-1,0,0
-1,0.205882353,-3,-4,0.122317597,-1,-1,1,-3,-1,0,-3,-2,-3,-2,0,-1,0,-1,-1,1,1
-2,0.294117647,-3,-4,0.22565203,-5,-3,0,-2,-1,1,-2,-1,-3,-2,0,-2,0,-2,-1,0,0
-2,0.088235294,-2,-5,0.043908881,-1,-3,1,-3,-1,1,-1,-2,-2,-2,0,-2,0,-1,-1,1,0
-2,0.470588235,-3,-8,0.680202487,-2,-3,0,-3,-1,1,-4,-1,-3,-3,0,-3,1,-2,-1,0,1
-1,0.117647059,-3,-1,0.028007043,-1,-4,1,-3,-1,0.333333333,-1,-1,-3,-2,0,-3,0,-1,-1,0,1
-4,0.647058824,-5,-2,0.137614174,-5,-5,1,-3,-1,0.666666667,-3,-1,-3,-2,0.333333333,-3,1,-2,-1,0,0
-4,0.647058824,-5,-2,0.623968306,-2,-3,0.333333333,-2,-1,1,-3,-2,-1,-1,0.333333333,-2,0,-1,-1,1,1
-4,0.161764706,-3,-5,0.182568504,-1,-5,1,-2,-1,0.333333333,-3,-1,-1,-1,0,-4,0,-2,-1,0,0
-4,0.823529412,-3,-1,0.345383515,-5,-3,1,-3,-1,1,-4,-1,-3,-3,0,-3,1,-2,-1,0,0
-1,0.102941176,-5,-1,0.201111478,-1,-3,0.333333333,-3,-1,0.333333333,-1,-1,-3,-1,0.333333333,-3,1,-1,-1,0,0
-1,0.205882353,-3,-4,0.132551997,-4,-3,1,-3,-1,0.333333333,-3,-1,-3,-2,0,-3,0,-1,-1,0,0
-4,0.029411765,-3,-5,0.074006823,-1,-4,0.666666667,-3,-1,0.333333333,-2,-1,-3,-2,0,-3,1,-1,-1,0,0
-3,0.029411765,-3,-4,0.10267415,-1,-3,0.333333333,-3,-1,0.333333333,-1,-1,-3,-2,0,-3,0,-2,-1,0,0
-1,0.029411765,-5,-1,0.18851106,-1,-3,0,-3,-1,0.666666667,-1,-1,-3,-1,0.666666667,-3,1,-1,-1,0,0
-4,0.029411765,-1,-5,0.009684164,-1,-5,1,-4,-1,1,-3,-1,-3,-2,0,-2,0,-1,-1,0,0
-4,0.205882353,-5,-5,0.020853967,-3,-5,1,-3,-1,0.666666667,-2,-1,-1,-2,0.333333333,-4,0,-2,-1,0,0
-4,0.205882353,-5,-2,0.163915484,-5,-1,0.333333333,-3,-1,1,-4,-1,-3,-2,0,-4,0,-2,-1,0,0
-1,0.470588235,-3,-4,0.175855618,-1,-5,1,-3,-1,0.333333333,-3,-1,-3,-2,0,-3,1,-1,-1,0,1
-4,0.470588235,-3,-1,0.155661935,-5,-3,1,-3,-1,1,-1,-1,-3,-2,0,-3,0,-1,-1,0,0
-2,0.073529412,-3,-5,0.078133597,-1,-2,1,-2,-1,0.333333333,-3,-2,-3,-2,0,-3,0,-2,-1,1,1
-1,0.205882353,-1,-4,0.157587763,-1,-2,0,-2,-1,1,-2,-1,-3,-1,0,-3,0,-1,-1,0,1
-2,0.294117647,-3,-2,0.678386706,-1,-5,1,-2,-1,0.333333333,-4,-1,-3,-3,0,-4,0,-2,-1,0,1
-4,0.382352941,-5,-2,0.404203808,-5,-5,0,-3,-1,1,-3,-1,-3,-2,0.333333333,-3,0,-1,-1,0,0
-2,0.029411765,-3,-7,0.011224827,-1,-2,0.666666667,-4,-1,0,-2,-2,-3,-2,0,-2,0,-1,-1,1,0
-3,0.470588235,-3,-5,0.201551667,-1,-3,0.333333333,-3,-1,0.333333333,-1,-2,-3,-2,0,-3,0,-2,-1,1,0
-4,0.205882353,-5,-5,0.073291515,-4,-5,1,-3,-1,1,-3,-1,-3,-2,0.333333333,-3,0,-1,-1,0,0
-4,0.161764706,-5,-4,0.170188181,-1,-3,1,-3,-1,0.333333333,-4,-1,-3,-3,0,-3,0,-2,-1,0,0
-3,0.205882353,-3,-1,0.094145483,-1,-5,0.666666667,-2,-1,0.333333333,-3,-2,-3,-2,0,-4,0,-1,-1,1,0
-2,0.073529412,-3,-1,0.071475735,-5,-2,1,-3,-1,0.333333333,-1,-1,-3,-2,0,-1,0,-1,-1,0,0
-4,0.294117647,-5,-10,0.235281171,-1,-3,0.666666667,-3,-1,0.333333333,-1,-1,-3,-2,0,-4,0,-2,-1,0,0
-1,0.235294118,-5,-1,0.109221965,-1,-3,1,-4,-3,0.333333333,-2,-1,-1,-1,0.333333333,-3,0,-1,-2,0,1
-1,0.205882353,-3,-4,0.098437328,-1,-3,0,-2,-1,1,-1,-2,-1,-1,0,-3,0,-1,-1,1,1
-2,0.117647059,-5,-4,0.185264664,-1,-5,0,-3,-1,1,-3,-1,-3,-1,0.666666667,-3,0,-2,-1,0,0
-3,0.294117647,-3,-4,0.14537251,-1,-5,0.666666667,-1,-1,1,-4,-1,-3,-3,0,-3,0,-1,-1,0,0
-2,0.647058824,-5,-4,0.266644657,-1,-3,0.333333333,-2,-1,0.666666667,-3,-1,-3,-2,0,-4,0,-2,-1,0,1
-4,0.117647059,-3,-1,0.062506878,-3,-3,0.333333333,-2,-1,0.333333333,-2,-1,-3,-2,0,-3,0,-1,-1,0,1
-4,0.647058824,-3,-5,0.548695939,-5,-4,1,-3,-1,0.666666667,-3,-1,-2,-2,0,-3,0,-2,-1,0,0
-2,0.823529412,-2,-3,0.79960383,-2,-5,0.666666667,-2,-1,1,-4,-1,-1,-3,0.333333333,-4,0,-2,-1,0,1
-1,0.117647059,-3,-1,0.05381314,-1,-3,1,-2,-1,0.333333333,-1,-2,-3,-2,0,-2,0,-1,-1,1,1
-2,0.205882353,-5,-4,0.057499725,-1,-2,1,-2,-1,0,-2,-1,-3,-2,0.333333333,-3,0,-1,-1,0,0
-4,0.382352941,-3,-5,0.088973259,-5,-5,1,-3,-1,1,-3,-1,-3,-2,0,-3,0,-2,-1,0,0
-1,0.294117647,-3,-1,0.036590734,-5,-5,1,-2,-1,0.333333333,-3,-1,-1,-2,0,-3,0,-1,-1,0,1
-4,0.205882353,-4,-10,0.105590404,-1,-3,1,-4,-1,0.333333333,-3,-1,-3,-2,0,-3,0,-2,-1,0,1
-4,0.382352941,-5,-5,0.303785628,-1,-4,1,-2,-1,0.333333333,-3,-2,-3,-2,0.333333333,-3,0,-1,-1,1,0
-4,0.147058824,-4,-1,0.03037306,-1,-3,1,-3,-1,0.333333333,-3,-1,-3,-2,0.333333333,-2,0,-1,-1,0,0
-4,0.294117647,-5,-5,0.133927589,-1,-3,1,-3,-1,0.333333333,-1,-1,-3,-2,0.333333333,-2,0,-1,-1,0,0
-2,0.235294118,-4,-3,0.130901288,-1,-3,0.333333333,-3,-1,0.666666667,-3,-1,-1,-2,0.333333333,-3,0,-2,-1,0,0
-4,0.161764706,-2,-5,0.072576208,-2,-5,1,-3,-1,1,-3,-1,-1,-2,0,-2,1,-1,-1,0,0
-4,0.073529412,-5,-1,0.053593045,-1,-3,0.666666667,-3,-1,0,-1,-1,-3,-2,0.333333333,-3,0,-1,-1,0,0
-2,0.117647059,-3,-5,0.07065038,-1,-2,0,-4,-1,0,-1,-2,-3,-1,0,-3,0,-1,-1,1,1
-1,0.294117647,-3,-1,0.158082976,-1,-2,1,-2,-1,0,-2,-1,-3,-2,0,-3,0,-1,-1,0,1
-4,0.25,-3,-10,0.072741279,-4,-5,1,-2,-1,1,-1,-1,-1,-2,0,-2,0,-1,-1,0,0
-4,0.073529412,-5,-5,0.155386816,-5,-3,0,-3,-1,0.333333333,-1,-1,-3,-2,0.333333333,-3,1,-1,-1,0,0
-4,0.294117647,-5,-5,0.129910862,-1,-5,1,-4,-2,0.666666667,-1,-1,-3,-2,0.333333333,-3,0,-1,-1,0,0
-4,0.117647059,-3,-1,0.117750633,-5,-5,1,-3,-1,0.666666667,-3,-1,-3,-2,0,-3,0,-2,-1,0,0
-1,0.470588235,-3,-8,0.095025861,-5,-5,1,-3,-1,1,-4,-1,-3,-2,0,-4,0,-2,-1,0,1
-1,0.647058824,-5,-2,0.334598878,-1,-5,1,-3,-1,1,-4,-1,-3,-3,0.333333333,-3,0,-2,-1,0,1
-4,0.117647059,-5,-4,0.055463849,-1,-2,0.333333333,-2,-1,1,-2,-2,-3,-1,0.333333333,-2,0,-1,-1,1,0
-1,0.294117647,-3,-4,0.164190602,-1,-2,1,-2,-1,1,-1,-2,-3,-1,0,-2,0,-2,-1,1,1
-2,0.294117647,-3,-2,0.138109387,-5,-5,1,-3,-1,1,-4,-1,-1,-3,0,-3,0,-2,-1,0,0
-1,0.25,-3,-5,0.129635743,-1,-2,1,-2,-1,1,-2,-1,-3,-1,0,-4,0,-2,-1,0,0
-4,0.294117647,-5,-2,0.115329592,-1,-4,1,-3,-1,0.666666667,-3,-1,-3,-2,0.333333333,-3,0,-2,-1,0,0
-1,0.029411765,-3,-8,0.010894685,-1,-2,1,-2,-1,1,-2,-2,-3,-2,0,-3,0,-1,-1,1,1
-2,0.117647059,-5,-1,0.116430065,-3,-4,0.666666667,-1,-1,0.666666667,-3,-1,-3,-2,0,-4,0,-2,-1,0,0
-1,0.647058824,-3,-2,0.24969737,-1,-4,1,-3,-1,0.666666667,-2,-1,-3,-2,0,-3,1,-1,-1,0,0
-4,0.294117647,-5,-4,0.097832068,-1,-4,0.333333333,-3,-1,0.333333333,-2,-1,-3,-2,0.333333333,-2,0,-1,-1,0,0
-2,0.029411765,-2,-1,0.037471113,-2,-2,0,-2,-1,0,-2,-1,-2,-2,0,-2,0,-1,-1,0,1
-3,0.294117647,-5,-4,0.185264664,-5,-5,1,-3,-2,1,-4,-2,-3,-1,0.333333333,-3,0,-1,-1,1,0
-1,0.382352941,-3,-2,0.198470342,-1,-3,1,-1,-1,1,-2,-1,-3,-2,0,-4,0,-2,-1,0,0
-4,0.073529412,-5,-4,0.118631011,-1,-1,0.333333333,-3,-1,0.666666667,-3,-1,-3,-2,0,-4,0,-1,-1,0,0
-4,0.294117647,-4,-1,0.025696049,-5,-5,1,-4,-1,1,-3,-1,-3,-2,0.333333333,-3,0,-2,-1,0,0
-4,0.294117647,-3,-2,0.416198966,-1,-4,0.666666667,-3,-1,0.666666667,-3,-1,-3,-2,0,-4,0,-2,-1,0,0
-1,0.294117647,-3,-2,0.348244745,-1,-1,1,-3,-1,0.333333333,-4,-1,-3,-3,0,-4,0,-2,-1,0,0
-1,0.647058824,-3,-10,0.223286013,-1,-2,0.666666667,-2,-1,1,-2,-2,-3,-1,0,-3,0,-1,-1,1,1
-1,0.25,-3,-4,0.184274238,-1,-4,0,-2,-1,1,-3,-1,-3,-1,0,-2,0,-1,-1,0,0
-1,0.117647059,-3,-2,0.172554198,-1,-5,0.666666667,-3,-1,1,-4,-1,-3,-3,0,-3,0,-2,-1,0,1
-1,0.647058824,-2,-10,0.409100913,-1,-4,0.333333333,-2,-3,1,-3,-1,-3,-1,0,-3,0,-1,-1,0,1
-2,0.294117647,-3,-4,0.209475074,-1,-4,0.666666667,-1,-1,0.666666667,-3,-1,-3,-2,0,-3,0,-2,-1,0,1
-4,0.073529412,-3,-1,0.124188401,-3,-5,0.333333333,-3,-1,1,-4,-1,-3,-3,0,-2,0,-1,-1,0,0
-4,0.382352941,-4,-10,0.221305161,-2,-3,0.333333333,-3,-1,0.333333333,-2,-1,-3,-2,0.333333333,-2,0,-1,-1,0,0
-1,0.205882353,-3,-4,0.048475845,-1,-1,1,-2,-1,0.333333333,-3,-1,-3,-2,0,-3,0,-1,-1,0,1
-2,0.205882353,-3,-5,0.057829867,-1,-5,1,-4,-3,0.333333333,-1,-1,-3,-2,0,-2,0,-1,-1,0,0
-1,0.205882353,-3,-4,0.214757346,-1,-3,0.333333333,-3,-2,0.666666667,-3,-1,-3,-2,0,-3,0,-1,-1,0,1
-2,0.470588235,-3,-5,0.133212281,-2,-3,1,-2,-2,1,-4,-1,-3,-3,0,-3,0,-1,-1,0,1
-1,0.029411765,-5,-5,0.050566744,-5,-5,1,-3,-1,1,-1,-1,-3,-2,0.333333333,-3,0,-2,-1,0,0
-3,0.294117647,-5,-5,0.159458567,-5,-3,0.666666667,-3,-1,0.333333333,-3,-1,-3,-2,0.333333333,-3,0,-2,-1,0,0
-1,0.117647059,-5,-5,0.007428194,-1,-4,1,-2,-1,0.666666667,-1,-1,-3,-2,1,-2,0,-2,-1,0,0
-2,0.647058824,-1,-10,0.657752834,-5,-3,0.333333333,-3,-1,0.333333333,-3,-1,-1,-2,0,-4,0,-2,-1,0,0
-4,0.073529412,-3,-4,0.058490151,-1,-5,0,-3,-1,1,-3,-2,-3,-2,0,-3,0,-1,-1,1,0
-2,0.647058824,-1,-10,0.779740288,-1,-3,0.333333333,-3,-1,0.333333333,-3,-2,-3,-2,0,-3,0,-2,-1,1,1
-2,0.117647059,-3,-4,0.152250468,-1,-2,0.666666667,-2,-1,0,-1,-1,-3,-1,0,-4,0,-1,-1,0,0
-4,0.470588235,-5,-2,0.562726973,-5,-5,0.333333333,-3,-1,1,-4,-1,-3,-3,0.333333333,-3,0,-1,-1,0,0
-2,0.647058824,-3,-5,0.154616485,-1,-4,1,-3,-1,1,-1,-1,-3,-2,0.333333333,-3,0,-1,-1,0,1
-1,0.25,-5,-1,0.017662595,-1,-5,1,-3,-1,1,-1,-1,-3,-2,0.333333333,-3,0,-1,-1,0,0
-2,0.25,-3,-10,0.138494553,-2,-5,1,-1,-1,0.333333333,-3,-1,-1,-1,0.333333333,-2,0,-1,-1,0,1
-2,0.558823529,-5,-10,0.313854958,-1,-4,0.333333333,-2,-1,0,-1,-1,-1,-2,0.333333333,-2,0,-1,-1,0,0
-2,0.117647059,-5,-1,0.038956751,-1,-4,0.333333333,-3,-1,0.666666667,-1,-1,-3,-2,0.333333333,-2,1,-1,-1,0,0
-4,0.294117647,-5,-5,0.08809288,-1,-4,1,-4,-3,0.333333333,-3,-1,-3,-2,0.333333333,-3,0,-2,-1,0,0
-2,0.117647059,-3,-1,0.053538021,-1,-5,0,-1,-1,0,-1,-1,-3,-1,0.333333333,-3,0,-1,-1,0,1
-4,0.205882353,-3,-4,0.095411027,-1,-3,1,-3,-1,1,-4,-1,-1,-3,0.333333333,-3,0,-1,-1,0,0
-4,0.294117647,-5,-2,0.107131066,-5,-4,1,-3,-1,1,-3,-1,-3,-2,0.333333333,-3,1,-2,-1,0,0
-2,0.161764706,-4,-7,0.069439859,-4,-3,0.666666667,-4,-1,0.666666667,-2,-1,-2,-2,0.333333333,-3,0,-1,-1,0,1
-1,0.235294118,-5,-4,0.221305161,-1,-5,0,-2,-1,1,-2,-2,-3,-2,0.333333333,-3,0,-1,-1,1,0
-2,0.382352941,-3,-1,0.104544954,-1,-3,1,-2,-3,0.333333333,-4,-2,-1,-2,0,-3,0,-1,-1,1,1
-2,0.073529412,-3,-5,0.011444921,-1,-3,1,-3,-1,0.666666667,-1,-2,-3,-2,0,-3,0,-1,-1,1,0
-3,0.073529412,-1,-5,0.059810719,-1,-2,1,-3,-1,0.333333333,-3,-1,-3,-2,0.333333333,-4,0,-2,-1,0,1
-4,0.088235294,-3,-2,0.145867723,-5,-2,0,-2,-1,1,-1,-1,-3,-1,0,-3,0,-1,-1,0,0
-2,0.058823529,-3,-4,0.054308353,-1,-3,0.666666667,-2,-1,1,-1,-2,-3,-2,0,-3,0,-1,-1,1,1
-4,0.117647059,-4,-7,0.071805877,-4,-5,1,-3,-1,1,-4,-1,-3,-3,0.333333333,-3,1,-1,-1,0,1
-1,0.205882353,-5,-1,0.277979531,-1,-5,0.333333333,-3,-1,1,-4,-1,-3,-3,0.666666667,-4,0,-2,-1,0,0
-4,0.205882353,-5,-4,0.19423352,-1,-2,0.666666667,-1,-1,0.333333333,-3,-1,-3,-2,0.333333333,-4,0,-2,-1,0,0
-1,0.294117647,-5,-10,0.062286783,-2,-4,1,-3,-1,0,-1,-1,-3,-2,0.333333333,-3,0,-2,-1,0,0
-2,0.382352941,-1,-10,0.218498955,-1,-3,0.333333333,-2,-1,0,-3,-1,-3,-2,0.333333333,-3,0,-1,-1,0,0
-2,0.205882353,-4,-10,0.119786508,-5,-5,1,-3,-1,0.333333333,-2,-1,-3,-2,0.333333333,-3,0,-1,-1,0,0
-1,0.029411765,-3,-1,0.052437548,-2,-5,0.666666667,-3,-1,0.333333333,-2,-1,-3,-2,0,-3,0,-2,-1,0,0
-4,0.25,-3,-4,0.109552107,-1,-5,1,-3,-1,0.333333333,-1,-1,-3,-2,0.333333333,-3,0,-1,-1,0,0
-4,0.205882353,-3,-1,0.358259051,-5,-3,0.333333333,-3,-1,1,-3,-1,-3,-1,0.333333333,-3,0,-1,-1,0,1
-2,0.117647059,-3,-5,0.046329922,-1,-3,1,-2,-3,1,-1,-1,-3,-2,0.333333333,-3,0,-2,-1,0,0
-4,0.117647059,-3,-5,0.154561461,-4,-4,0.333333333,-1,-1,1,-1,-1,-3,-2,0,-2,0,-1,-1,0,0
-2,0.161764706,-1,-1,0.084076153,-1,-2,0.333333333,-2,-1,0,-1,-1,-3,-1,0.333333333,-1,0,-1,-1,0,1
-4,0.161764706,-3,-1,0.279190052,-3,-5,0,-2,-1,1,-4,-1,-3,-3,0,-3,0,-1,-1,0,0
-4,0.470588235,-3,-2,0.433751513,-1,-3,0,-2,-1,0.333333333,-2,-1,-1,-2,0,-3,0,-1,-1,0,0
-3,0.117647059,-3,-1,0.059425553,-1,-2,1,-3,-1,0,-1,-1,-3,-2,0,-3,0,-1,-1,0,0
-2,0.470588235,-1,-10,0.093705293,-1,-5,1,-3,-1,1,-4,-1,-3,-3,0,-4,0,-2,-1,0,1
-4,0.470588235,-5,-2,0.300484208,-4,-5,1,-3,-1,0.333333333,-3,-1,-3,-2,0.333333333,-4,0,-2,-1,0,0
-1,0.073529412,-3,-4,0.103774623,-1,-3,0.666666667,-3,-1,0.333333333,-1,-2,-3,-2,0,-3,0,-1,-1,1,0
-1,0.029411765,-3,-1,0.022669748,-1,-2,0.666666667,-3,-1,1,-1,-1,-3,-2,0,-2,1,-2,-1,0,0
-1,0.029411765,-3,-1,0.805876527,-1,-5,0,-3,-1,1,-4,-1,-1,-2,0,-4,0,-2,-1,0,1
-2,0.470588235,-2,-6,0.205788489,-5,-2,0.666666667,-2,-1,0.333333333,-4,-1,-1,-2,0,-1,0,-1,-1,0,0
-4,0.029411765,-3,-6,0.059865742,-3,-3,0,-1,-1,1,-1,-1,-3,-2,0,-3,0,-1,-1,0,0
-1,0.117647059,-3,-5,0.047155277,-1,-3,0.333333333,-3,-1,0.333333333,-1,-2,-3,-1,0,-4,1,-2,-1,1,0
-2,0.294117647,-3,-5,0.193023,-3,-1,0,-2,-1,1,-4,-2,-3,-1,0,-1,0,-1,-1,1,0
-1,0.117647059,-3,-8,0.029987895,-1,-2,1,-2,-1,1,-2,-1,-3,-2,0,-3,0,-1,-1,0,1
-2,0.029411765,-4,-1,0.05276769,-1,-1,1,-3,-1,1,-2,-1,-3,-2,0,-4,0,-2,-1,0,1
-2,0.117647059,-4,-5,0.018432926,-1,-3,1,-4,-2,1,-1,-2,-3,-1,0.333333333,-3,0,-1,-1,1,0
-4,0.088235294,-5,-1,0.053978211,-1,-5,0.666666667,-3,-1,1,-1,-1,-3,-2,0.333333333,-2,1,-1,-2,0,0
-4,0.294117647,-4,-1,0.098052162,-1,-5,1,-3,-1,1,-4,-1,-3,-3,0.333333333,-3,0,-2,-1,0,0
-2,0.823529412,-3,-8,0.33223286,-1,-3,1,-3,-1,1,-4,-1,-3,-3,0,-3,0,-1,-1,0,1
-1,0.161764706,-3,-6,0.056399252,-5,-3,1,-2,-1,0.333333333,-3,-2,-3,-1,0,-3,0,-1,-1,1,1
-4,0.117647059,-5,-5,0.114504237,-5,-5,0,-3,-2,1,-1,-1,-3,-2,0,-3,0,-2,-1,0,0
-2,0.647058824,-3,-1,0.453229889,-5,-4,0,-2,-1,0.333333333,-3,-2,-3,-2,0,-3,0,-1,-1,1,0
-1,0.117647059,-1,-7,0.0472103,-1,-4,1,-3,-1,0.666666667,-1,-1,-3,-2,0.333333333,-3,0,-1,-1,0,1
-1,0.073529412,-5,-1,0.14025531,-1,-3,0.333333333,-3,-1,0.333333333,-1,-1,-3,-1,0.333333333,-3,1,-1,-1,0,0
-2,0.25,-4,-1,0.115714757,-1,-3,0,-1,-1,1,-2,-1,-3,-2,0.333333333,-3,0,-1,-1,0,0
-4,0.205882353,-3,-5,0.099097612,-1,-2,1,-3,-1,0,-1,-1,-3,-2,0,-3,0,-1,-1,0,0
-4,0.25,-3,-1,0.139319908,-3,-4,0,-2,-1,0.333333333,-3,-1,-1,-2,0,-4,0,-1,-1,0,0
-4,0.117647059,-3,-8,0.025806097,-1,-5,1,-3,-1,1,-3,-1,-1,-2,0,-2,1,-1,-1,0,1
-2,0.382352941,-3,-5,0.080609662,-5,-3,1,-2,-1,0,-3,-1,-3,-2,0,-3,0,-1,-1,0,0
-4,0.647058824,-4,-5,0.687740729,-3,-4,1,-3,-1,0,-3,-1,-3,-2,0,-4,0,-2,-1,0,0
-1,0.294117647,-3,-3,0.082810609,-1,-5,1,-2,-3,1,-1,-1,-3,-2,0,-2,0,-2,-1,0,0
-1,0.294117647,-2,-1,0.051887312,-1,-1,0,-2,-2,1,-4,-1,-3,-1,0.333333333,-1,0,-1,-1,0,1
-4,0.029411765,-3,-5,0.014746341,-1,-3,0.666666667,-2,-1,0,-1,-1,-3,-2,0,-3,0,-1,-1,0,0
-4,0.029411765,-5,-5,0.024760647,-5,-5,1,-3,-1,1,-4,-1,-3,-3,0.333333333,-3,0,-1,-1,0,0
-4,0.117647059,-5,-5,0.077308243,-1,-5,0.333333333,-3,-1,1,-1,-1,-3,-2,0.333333333,-2,0,-2,-1,0,0
-1,0.294117647,-3,-5,0.086552217,-1,-1,1,-3,-1,0.333333333,-3,-1,-2,-2,0,-4,1,-1,-1,0,1
-2,0.073529412,-3,-5,0.045779685,-1,-5,1,-3,-1,1,-3,-1,-3,-2,0.333333333,-2,0,-1,-1,0,0
-4,0.294117647,-5,-5,0.069659954,-4,-3,1,-2,-1,0,-1,-1,-3,-2,0.333333333,-2,0,-1,-1,0,0
-4,0.647058824,-5,-1,0.543468692,-3,-3,0.333333333,-3,-1,0.333333333,-4,-1,-1,-3,0,-3,0,-1,-1,0,1
-4,0.029411765,-4,-10,0.082150325,-2,-3,0,-3,-1,0.333333333,-1,-1,-3,-2,0.333333333,-2,0,-1,-1,0,0
-4,0.102941176,-5,-1,0.062892044,-1,-2,1,-2,-1,1,-3,-1,-3,-2,0.333333333,-4,0,-1,-1,0,0
-2,0.117647059,-3,-5,0.049961483,-3,-3,0.666666667,-1,-1,0,-3,-1,-3,-2,0,-3,0,-2,-1,0,0
-1,0.117647059,-3,-4,0.022119511,-1,-5,1,-2,-1,1,-2,-2,-3,-1,0,-3,0,-1,-1,1,0
-1,0.073529412,-5,-7,0.057114559,-2,-5,0.666666667,-3,-3,1,-1,-1,-3,-2,0.333333333,-3,1,-1,-2,0,0
-4,0.073529412,-3,-4,0.112853527,-2,-2,0.333333333,-2,-1,1,-2,-2,-3,-1,0,-3,0,-1,-1,1,0
-2,0.205882353,-3,-4,0.151370089,-1,-4,0.333333333,-2,-1,1,-1,-1,-3,-1,0,-3,0,-1,-1,0,0
-2,0.647058824,-3,-5,0.313689887,-1,-3,0.333333333,-2,-1,0.333333333,-1,-2,-3,-2,0,-3,0,-1,-1,1,1
-4,0.294117647,-3,-1,0.062892044,-1,-3,0.333333333,-3,-3,0.333333333,-1,-1,-3,-2,0,-3,0,-2,-1,0,0
-4,0.205882353,-3,-4,0.070595356,-1,-2,1,-4,-2,0,-2,-1,-3,-2,0,-2,1,-1,-1,0,1
-4,0.470588235,-3,-5,0.197259822,-5,-5,0.333333333,-2,-1,1,-1,-1,-3,-2,0,-2,0,-2,-1,0,0
-2,0.647058824,-4,-8,0.328711346,-1,-5,1,-3,-1,1,-4,-1,-3,-3,0,-3,0,-1,-1,0,1
-4,0.117647059,-5,-1,0.055298778,-1,-5,1,-3,-1,1,-1,-1,-3,-2,0.333333333,-2,0,-1,-1,0,0
-1,0.205882353,-3,-1,0.109992297,-2,-4,1,-3,-1,0.666666667,-3,-1,-3,-2,0,-4,1,-2,-1,0,0
-4,0.294117647,-5,-10,0.213987014,-2,-3,0.666666667,-3,-1,0.666666667,-2,-1,-3,-2,0.333333333,-2,0,-2,-1,0,0
-4,0.294117647,-3,-5,0.118135798,-3,-5,0.666666667,-3,-1,0.333333333,-3,-1,-1,-2,0.333333333,-3,0,-2,-1,0,1
-2,0.294117647,-4,-5,0.071695829,-2,-4,0.666666667,-2,-1,0.333333333,-2,-2,-3,-1,0.333333333,-3,0,-2,-1,1,0
-4,0.647058824,-3,-10,0.252778695,-1,-1,0.666666667,-3,-1,0.333333333,-3,-1,-1,-1,0,-4,0,-2,-1,0,1
-2,0.235294118,-4,-2,0.374546055,-5,-4,0.666666667,-3,-1,1,-2,-1,-1,-1,0.333333333,-4,1,-2,-1,0,0
-1,0.161764706,-4,-4,0.186695279,-1,-5,0,-2,-1,1,-2,-1,-3,-2,0.333333333,-2,0,-1,-1,0,0
-2,0.205882353,-4,-4,0.222680753,-1,-5,1,-1,-1,0.666666667,-4,-1,-3,-2,0,-4,0,-2,-1,0,1
-2,0.602941176,-5,-5,0.247386376,-1,-2,1,-3,-1,0.333333333,-2,-2,-3,-2,0.333333333,-2,0,-1,-1,1,1
-1,0.117647059,-3,-5,0.024815671,-1,-3,1,-4,-1,0.333333333,-1,-1,-3,-2,0,-2,0,-1,-1,0,0
-1,0.205882353,-3,-5,0.161769561,-1,-3,0.333333333,-2,-1,0.333333333,-1,-2,-3,-2,0,-3,0,-1,-1,1,1
-4,0.029411765,-3,-1,0.023219985,-1,-1,0,-2,-1,1,-1,-1,-3,-2,0,-1,0,-2,-1,0,0
-4,0.088235294,-3,-1,0.057059536,-5,-5,1,-3,-2,0.333333333,-2,-1,-3,-2,0,-2,0,-1,-2,0,0
-1,0.647058824,-3,-5,0.35809398,-1,-3,0.666666667,-2,-1,0.333333333,-3,-1,-3,-2,0,-3,0,-2,-1,0,1
-4,0.205882353,-3,-4,0.17453505,-1,-5,1,-3,-1,1,-2,-1,-1,-2,0.666666667,-3,1,-2,-1,0,0
-1,0.294117647,-5,-2,0.148949048,-1,-5,1,-3,-1,1,-2,-1,-3,-2,0.333333333,-3,0,-2,-1,0,0
-2,0.161764706,-3,-1,0.131011335,-2,-3,0.333333333,-2,-1,1,-3,-1,-3,-1,0.333333333,-3,0,-2,-1,0,1
-1,0.294117647,-5,-5,0.053978211,-4,-5,1,-2,-1,1,-2,-1,-3,-1,0.333333333,-4,0,-2,-1,0,0
-3,0.117647059,-5,-1,0.037911302,-3,-4,1,-4,-1,0.333333333,-1,-1,-3,-2,0.666666667,-3,0,-2,-1,0,1
-1,0.205882353,-3,-1,0.053152856,-1,-2,1,-2,-1,0.666666667,-3,-2,-3,-1,0,-3,0,-2,-1,1,1
-4,0.161764706,-4,-2,0.18399912,-1,-2,0,-2,-1,0.333333333,-2,-1,-3,-2,0.333333333,-2,0,-1,-1,0,0
-4,0.029411765,-5,-5,0.090678992,-5,-3,0,-3,-1,0.333333333,-1,-1,-3,-2,0.333333333,-2,1,-1,-1,0,0
-4,0.117647059,-3,-10,0.045449543,-1,-3,0.333333333,-4,-1,0.333333333,-1,-1,-3,-2,0,-3,0,-2,-2,0,0
-3,0.382352941,-4,-10,0.091229229,-1,-5,1,-3,-1,1,-1,-1,-3,-2,0,-4,0,-2,-1,0,1
-2,0.073529412,-2,-1,0.065313085,-2,-4,0.333333333,-3,-1,0.666666667,-4,-1,-3,-2,0,-3,0,-1,-1,0,1
-4,0.117647059,-5,-10,0.051447122,-1,-3,0.666666667,-2,-1,0.333333333,-1,-1,-3,-2,0.333333333,-3,0,-1,-1,0,0
-4,0.044117647,-5,-5,0.026411357,-5,-5,1,-3,-1,0.333333333,-2,-1,-3,-1,0.333333333,-2,0,-2,-1,0,0
-2,0.470588235,-4,-10,0.528612303,-2,-4,0,-3,-1,0.666666667,-2,-1,-3,-2,0.333333333,-2,1,-2,-1,0,0
-4,0.102941176,-3,-10,0.104104765,-4,-5,0,-1,-1,0.333333333,-1,-1,-3,-2,0,-3,0,-2,-1,0,0
-1,0.205882353,-3,-5,0.117695609,-1,-2,1,-2,-1,0,-3,-1,-2,-2,0,-3,0,-1,-1,0,0
-2,0.470588235,-3,-7,0.117420491,-1,-2,1,-3,-1,0,-4,-1,-3,-1,0,-2,0,-1,-1,0,1
-4,0.205882353,-5,-1,0.044294046,-1,-2,1,-2,-1,0,-2,-1,-3,-2,0.333333333,-3,0,-1,-1,0,0
-4,0.088235294,-3,-1,0.07411687,-3,-3,0.666666667,-3,-1,0.333333333,-4,-1,-3,-1,0,-2,1,-1,-2,0,0
-3,0.117647059,-3,-5,0.152195444,-1,-3,0.666666667,-4,-1,0,-3,-2,-3,-2,0,-3,0,-1,-1,1,0
-2,0.161764706,-3,-5,0.06569825,-5,-2,1,-3,-1,0,-2,-2,-3,-2,0,-3,0,-1,-1,1,0
-4,0.294117647,-5,-5,0.144272037,-2,-5,0.666666667,-3,-1,1,-1,-1,-3,-2,0,-3,1,-2,-1,0,0
-4,0.117647059,-5,-4,0.169527897,-1,-5,0.333333333,-3,-1,1,-2,-1,-2,-2,0,-3,0,-1,-1,0,0
-4,0.088235294,-3,-1,0.064267635,-2,-3,0.666666667,-3,-1,0.333333333,-1,-1,-3,-1,0,-2,0,-1,-2,0,0
-1,0.647058824,-1,-2,0.23962804,-1,-5,0.666666667,-3,-1,1,-4,-2,-3,-3,0.333333333,-3,1,-1,-1,1,1
-4,0.294117647,-5,-2,0.199075603,-1,-5,1,-2,-1,0.333333333,-3,-1,-3,-1,0.333333333,-4,0,-2,-1,0,0
-2,0.294117647,-3,-1,0.060801144,-1,-2,0.666666667,-2,-1,1,-3,-2,-3,-2,0,-2,0,-2,-1,1,1
-4,0.117647059,-3,-1,0.180312534,-5,-2,0.333333333,-3,-1,0.666666667,-2,-1,-3,-2,0,-4,1,-2,-1,0,0
-1,0.514705882,-5,-4,0.766424563,-5,-4,1,-3,-1,1,-2,-1,-3,-2,0.333333333,-4,0,-2,-1,0,0
-4,0.117647059,-5,-10,0.063937493,-1,-3,1,-2,-3,0.333333333,-1,-1,-3,-2,0.333333333,-4,0,-2,-1,0,0
-4,0.25,-4,-10,0.128205128,-3,-2,1,-3,-1,0.333333333,-1,-1,-1,-2,0,-2,1,-1,-1,0,1
-1,0.205882353,-3,-5,0.179322109,-1,-4,1,-2,-3,0,-1,-2,-3,-2,0,-3,0,-1,-1,1,0
-1,0.161764706,-5,-4,0.06509299,-1,-3,1,-2,-1,0.666666667,-2,-2,-3,-1,0.333333333,-3,0,-1,-1,1,0
-2,0.294117647,-4,-10,0.369593925,-2,-4,1,-3,-1,1,-3,-1,-3,-1,0,-4,0,-2,-1,0,0
-3,0.25,-5,-8,0.113843953,-1,-2,0.333333333,-1,-1,0,-3,-1,-3,-1,0,-3,0,-1,-1,0,1
-4,0.117647059,-5,-4,0.092714867,-1,-5,1,-3,-1,1,-1,-1,-3,-2,0.666666667,-3,0,-2,-1,0,0
-3,0.088235294,-5,-5,0.060360955,-5,-4,1,-3,-1,0.333333333,-2,-1,-3,-2,0.333333333,-3,0,-2,-1,0,0
-1,0.294117647,-3,-5,0.187630681,-1,-3,0.333333333,-2,-1,1,-3,-1,-3,-2,0,-3,0,-1,-1,0,0
-4,0.161764706,-3,-5,0.062506878,-5,-3,1,-4,-1,0.333333333,-1,-1,-3,-1,0,-3,0,-2,-1,0,0
-4,0.117647059,-3,-5,0.155551887,-1,-3,0.333333333,-3,-1,1,-3,-1,-3,-2,0,-3,0,-2,-1,0,0
-2,0.205882353,-3,-1,0.330692198,-1,-4,0.666666667,-3,-1,0.666666667,-1,-1,-3,-1,0,-2,0,-1,-1,0,0
-1,0.294117647,-3,-1,0.065588203,-1,-4,1,-2,-1,1,-3,-2,-3,-1,0.333333333,-3,0,-1,-1,1,1
-4,0.161764706,-3,-4,0.108451634,-3,-3,0.333333333,-2,-1,1,-3,-2,-3,-1,0,-3,0,-1,-1,1,0
-4,0.073529412,-3,-6,0.054253329,-1,-2,0,-2,-1,1,-1,-2,-3,-1,0,-3,0,-2,-1,1,0
-4,0.029411765,-1,-1,0.052492572,-2,-3,1,-3,-1,0,-4,-1,-1,-1,0,-3,0,-1,-2,0,0
-1,0.088235294,-5,-4,0.103554528,-5,-2,0.333333333,-2,-2,0.666666667,-1,-1,-3,-1,0.333333333,-3,0,-1,-2,0,0
-4,0.647058824,-5,-10,0.406019588,-5,-5,1,-1,-1,0.333333333,-3,-1,-1,-2,0.333333333,-4,1,-1,-1,0,0
-4,0.294117647,-3,-5,0.161274348,-1,-2,1,-2,-1,1,-2,-1,-3,-2,0,-3,0,-2,-1,0,0
-4,0.514705882,-3,-2,0.127599868,-3,-3,1,-3,-1,1,-3,-2,-3,-2,0,-3,0,-1,-1,1,0
-2,0.117647059,-3,-5,0.046935182,-1,-4,1,-3,-3,0.666666667,-1,-1,-3,-2,0.333333333,-3,0,-1,-2,0,0
-2,0.132352941,-5,-5,0.034774953,-1,-2,1,-3,-3,1,-1,-2,-3,-2,0.333333333,-3,0,-1,-1,1,0
-1,0.25,-3,-5,0.087212501,-1,-3,0.666666667,-2,-1,0.333333333,-1,-2,-3,-2,0.333333333,-3,0,-2,-1,1,1
-3,0.205882353,-2,-5,0.065753274,-5,-4,1,-3,-1,1,-3,-1,-1,-2,0,-2,0,-1,-1,0,0
-1,0.117647059,-3,-4,0.057169583,-1,-3,1,-3,-3,0,-2,-2,-3,-2,0,-2,0,-1,-1,1,0
-4,0.294117647,-3,-5,0.090844063,-2,-3,1,-3,-1,1,-3,-1,-3,-1,0,-4,0,-2,-1,0,0
-1,0.338235294,-1,-10,0.277484318,-1,-1,0.333333333,-3,-1,1,-2,-1,-2,-2,0.333333333,-3,0,-2,-1,0,1
-2,0.294117647,-3,-1,0.135798393,-1,-3,0.666666667,-2,-1,1,-2,-2,-3,-1,0,-2,0,-2,-1,1,1
-1,0.647058824,-3,-5,0.371354683,-1,-4,0,-4,-3,0,-1,-1,-3,-2,0.333333333,-3,0,-2,-1,0,1
-1,0.029411765,-5,-5,0.093925388,-1,-4,0,-2,-1,1,-3,-1,-3,-2,0,-3,0,-1,-1,0,0
-1,0.294117647,-2,-1,0.114174095,-2,-4,0.333333333,-3,-1,0.666666667,-3,-1,-1,-2,0,-3,0,-1,-1,0,0
-2,0.382352941,-3,-4,0.1755805,-2,-3,0.333333333,-2,-2,1,-3,-2,-3,-1,0,-3,0,-1,-1,1,1
-2,0.294117647,-5,-10,0.092714867,-1,-5,1,-1,-1,1,-1,-1,-3,-2,0.333333333,-3,0,-2,-1,0,1
-4,0.161764706,-3,-2,0.057774843,-5,-5,1,-3,-1,1,-4,-1,-1,-3,0,-3,1,-1,-1,0,0
-1,0.058823529,-5,-1,0.173214482,-1,-4,0,-3,-1,1,-1,-1,-3,-2,0.333333333,-2,0,-1,-2,0,0
-4,0.117647059,-5,-8,0.096951689,-5,-4,1,-2,-1,0.333333333,-3,-1,-3,-2,0,-3,0,-1,-1,0,0
-1,0.294117647,-4,-1,0.059590624,-1,-1,1,-3,-1,0.333333333,-1,-1,-3,-3,0.333333333,-3,1,-1,-1,0,1
-4,0.117647059,-3,-2,0.243479696,-5,-2,0,-2,-1,1,-3,-2,-3,-1,0,-3,0,-1,-1,1,0
-1,0.382352941,-3,-5,0.125013756,-1,-5,0,-3,-3,0.666666667,-2,-1,-3,-2,0,-3,1,-1,-1,0,0
-2,0.294117647,-4,-1,0.094365577,-5,-3,1,-2,-1,1,-3,-1,-3,-1,0.333333333,-3,0,-2,-1,0,0
-1,0.529411765,-5,-8,0.316275999,-1,-3,1,-3,-1,0.666666667,-4,-1,-1,-2,0,-3,0,-2,-1,0,1
-4,0.161764706,-5,-4,0.13965005,-1,-4,0.333333333,-2,-2,0.666666667,-3,-2,-1,-2,0.333333333,-3,0,-1,-1,1,0
-1,0.558823529,-3,-5,0.204412898,-1,-2,1,-3,-1,0.666666667,-3,-1,-3,-2,0,-3,0,-1,-1,0,1
-4,0.161764706,-3,-6,0.055683944,-3,-4,1,-3,-1,0.666666667,-2,-1,-3,-2,0.333333333,-3,0,-2,-1,0,0
-1,0.470588235,-5,-4,0.281776164,-1,-3,0.666666667,-3,-3,0.333333333,-2,-1,-3,-2,0.333333333,-3,0,-1,-1,0,0
-4,0.205882353,-3,-5,0.067293936,-1,-2,0.666666667,-4,-1,1,-1,-1,-3,-2,0,-3,0,-2,-1,0,0
-4,0.088235294,-3,-4,0.107846374,-1,-3,0.333333333,-3,-1,0.333333333,-1,-2,-1,-1,0,-2,0,-1,-1,1,1
-1,0.117647059,-3,-5,0.023330032,-2,-4,1,-4,-1,0,-2,-2,-3,-2,0,-3,0,-1,-1,1,1
-1,0.117647059,-1,-1,0.045779685,-1,-3,1,-3,-1,1,-3,-1,-1,-2,0.333333333,-3,0,-1,-1,0,1
-1,0.294117647,-3,-2,0.140970617,-5,-5,0.333333333,-2,-1,1,-1,-1,-3,-1,0,-3,0,-1,-1,0,0
-2,0.294117647,-3,-5,0.265984373,-5,-5,0.333333333,-2,-1,1,-3,-1,-3,-2,0,-3,0,-2,-1,0,0
-4,0.25,-5,-2,0.166446572,-1,-5,0,-3,-1,1,-3,-1,-3,-2,0,-4,0,-2,-1,0,0
-4,0.470588235,-5,-5,0.512600418,-1,-3,0.333333333,-2,-1,0.333333333,-3,-1,-2,-2,0.333333333,-3,0,-1,-1,0,0
-4,0.558823529,-5,-4,0.208649719,-3,-3,1,-3,-1,1,-1,-1,-3,-2,0.333333333,-3,0,-2,-1,0,0
-4,0.205882353,-4,-5,0.113898977,-1,-1,0.333333333,-4,-1,0.666666667,-1,-1,-3,-2,0.333333333,-3,0,-1,-1,0,0
-2,0.294117647,-5,-1,0.199625839,-2,-2,1,-1,-1,0.333333333,-3,-1,-3,-2,0,-3,0,-2,-1,0,0
-3,0.161764706,-5,-2,0.116099923,-3,-3,0.333333333,-3,-1,0.333333333,-3,-1,-3,-2,0,-3,0,-2,-1,0,0
-4,0.294117647,-5,-2,0.362715968,-5,-3,0.333333333,-3,-1,1,-2,-1,-3,-2,0.333333333,-4,1,-2,-1,0,0
-1,0.117647059,-3,-4,0.055683944,-5,-5,0.333333333,-1,-1,1,-2,-1,-3,-2,0,-2,0,-2,-1,0,0
-4,0.25,-4,-4,0.073786728,-2,-4,1,-3,-1,0.666666667,-1,-1,-3,-2,0.333333333,-4,0,-1,-1,0,0
-1,0.294117647,-3,-2,0.147133267,-1,-3,0.666666667,-3,-3,1,-4,-1,-1,-2,0,-3,1,-2,-1,0,0
-2,0.294117647,-3,-5,0.145592605,-2,-2,0.333333333,-3,-1,0,-3,-1,-3,-2,0,-3,0,-1,-1,0,0
-1,0.647058824,-1,-4,0.377957522,-1,-3,0.666666667,-3,-1,1,-4,-1,-3,-3,0.333333333,-3,1,-1,-1,0,1
-1,0.117647059,-3,-4,0.07741829,-1,-3,0.333333333,-3,-1,0.333333333,-1,-1,-3,-2,0,-3,0,-1,-1,0,0
-2,0.161764706,-2,-1,0.363156157,-2,-1,0,-3,-1,0.333333333,-2,-1,-3,-2,0,-4,1,-2,-1,0,1
-4,0.088235294,-5,-4,0.10432486,-1,-2,0,-2,-1,0.666666667,-1,-2,-3,-1,0.333333333,-3,0,-1,-1,1,0
-2,0.073529412,-3,-8,0.052217454,-1,-4,1,-2,-1,1,-2,-1,-3,-2,0.333333333,-4,0,-2,-1,0,0
-1,0.117647059,-5,-2,0.07021019,-1,-5,1,-3,-1,1,-4,-1,-3,-3,0.333333333,-4,0,-1,-1,0,0
-1,0.205882353,-3,-5,0.060250908,-1,-3,1,-4,-1,0.666666667,-1,-1,-1,-2,0,-3,0,-1,-1,0,1
-3,0.073529412,-3,-5,0.048200726,-2,-5,0.333333333,-1,-1,1,-1,-1,-3,-2,0,-3,0,-1,-1,0,0
-1,0.294117647,-3,-5,0.074447012,-1,-5,1,-2,-1,1,-3,-1,-3,-2,0,-3,0,-1,-1,0,0
-4,0.205882353,-5,-1,0.070430285,-1,-3,0.666666667,-3,-1,0.333333333,-2,-1,-1,-2,0.333333333,-3,0,-1,-1,0,1
-4,0,-5,-5,0.071200616,-1,-4,0.333333333,-3,-1,0,-1,-1,-3,-2,0.666666667,-2,1,-1,-1,0,0
-3,0.294117647,-3,-1,0.038351491,-1,-4,1,-3,-1,0.666666667,-4,-1,-1,-3,0,-3,1,-1,-1,0,1
-4,0.117647059,-5,-4,0.073841752,-4,-4,0.666666667,-2,-1,0.333333333,-2,-1,-3,-2,0,-3,0,-1,-2,0,0
-1,0.294117647,-2,-4,0.122867833,-3,-3,1,-3,-1,1,-1,-2,-2,-2,0,-3,0,-2,-1,1,0
-1,0.294117647,-3,-1,0.112963574,-1,-5,1,-3,-2,0,-1,-1,-3,-2,0,-3,0,-1,-1,0,1
-2,0.294117647,-3,-3,0.609552107,-1,-3,0.333333333,-3,-2,0.666666667,-3,-1,-1,-2,0.333333333,-4,0,-2,-1,0,1
-4,0.205882353,-3,-5,0.048200726,-5,-2,1,-2,-1,0.333333333,-1,-2,-3,-1,0,-3,0,-2,-1,1,0
-4,0.205882353,-3,-5,0.066193463,-1,-2,0.666666667,-2,-1,0,-1,-1,-3,-2,0,-3,0,-1,-1,0,0
-3,0.088235294,-3,-6,0.053648069,-1,-3,0.333333333,-3,-1,0.333333333,-3,-1,-3,-2,0,-3,0,-2,-1,0,0
-4,0.117647059,-5,-5,0.025696049,-1,-5,1,-3,-1,1,-1,-1,-3,-2,0.666666667,-3,0,-1,-1,0,0
-1,0.117647059,-3,-4,0.075382414,-1,-3,0.333333333,-2,-2,0.666666667,-2,-1,-3,-2,0,-3,0,-1,-1,0,0
-3,0.558823529,-1,-10,0.332287884,-1,-2,0.333333333,-1,-1,0,-2,-1,-3,-2,0.333333333,-3,0,-1,-1,0,0
-2,0.294117647,-3,-2,0.622317597,-1,-3,0,-2,-1,1,-3,-2,-3,-1,0.333333333,-4,0,-1,-1,1,1
-2,0.382352941,-5,-4,0.447672499,-1,-4,0.333333333,-3,-1,0.333333333,-2,-1,-3,-2,0,-3,0,-1,-1,0,1
-4,0.117647059,-3,-1,0.089908661,-1,-5,1,-3,-1,1,-3,-1,-3,-2,0,-4,0,-2,-1,0,0
-4,0.205882353,-3,-5,0.23902278,-1,-2,0.666666667,-3,-1,0.333333333,-3,-1,-3,-2,0,-3,0,-2,-1,0,0
-1,0.294117647,-3,-5,0.095576098,-1,-3,0.333333333,-3,-1,1,-1,-2,-3,-1,0,-2,1,-1,-1,1,1
-4,0.294117647,-5,-4,0.269615935,-1,-5,1,-3,-1,1,-3,-1,-3,-2,0,-3,0,-2,-1,0,0
-2,0.205882353,-3,-10,0.230494112,-1,-5,0,-3,-2,0,-1,-1,-1,-2,0,-4,0,-2,-1,0,0
-3,0.117647059,-3,-4,0.110102344,-1,-3,0,-2,-1,0.333333333,-3,-1,-3,-2,0,-2,0,-1,-1,0,0
-2,0.823529412,-4,-5,0.490095741,-5,-3,0.333333333,-3,-1,0.333333333,-4,-1,-3,-3,0,-4,0,-1,-1,0,0
-2,0.029411765,-3,-5,0.045009354,-1,-5,1,-3,-1,1,-3,-1,-3,-2,0,-3,1,-1,-1,0,0
-2,0.029411765,-2,-8,0.01006933,-4,-2,1,-2,-1,0.333333333,-2,-2,-1,-1,0,-3,1,-1,-1,1,1
-2,0.382352941,-5,-1,0.106250688,-5,-5,1,-3,-1,1,-1,-1,-3,-2,0.333333333,-3,0,-1,-1,0,0
-2,0.029411765,-3,-5,0.012875536,-1,-4,0.666666667,-4,-3,0.666666667,-1,-1,-1,-2,0,-2,0,-1,-1,0,0
-4,0.205882353,-5,-2,0.198085177,-1,-4,0.666666667,-3,-1,0,-3,-1,-3,-2,0.333333333,-3,0,-1,-1,0,0
-2,0.294117647,-1,-10,0.219599428,-1,-3,0,-3,-1,1,-1,-1,-3,-2,0.666666667,-2,0,-2,-1,0,1
-2,0.117647059,-3,-10,0.032518983,-2,-4,0.333333333,-2,-1,1,-1,-2,-3,-1,0,-2,0,-1,-1,1,0
-1,0.117647059,-3,-1,0.187135468,-4,-3,0,-3,-1,0.666666667,-2,-1,-3,-2,0,-3,1,-1,-1,0,0
-2,0.205882353,-3,-1,0.043578739,-5,-3,1,-2,-1,0.333333333,-2,-1,-3,-2,0,-3,0,-1,-1,0,1
-3,0.088235294,-3,-4,0.056399252,-1,-2,1,-2,-1,0.333333333,-2,-2,-3,-2,0,-3,0,-1,-1,1,0
-1,0.235294118,-3,-4,0.107956421,-5,-4,1,-3,-1,1,-3,-1,-3,-2,0,-3,0,-2,-1,0,0
-2,0.735294118,-1,-10,0.863596346,-1,-2,0.666666667,-3,-1,1,-4,-1,-3,-1,0,-3,0,-2,-1,0,1
-1,0.25,-4,-8,0.174094861,-1,-2,0.333333333,-3,-1,0,-2,-1,-3,-2,0.333333333,-3,0,-1,-1,0,1
-1,0.117647059,-3,-9,0.035875426,-1,-4,1,-4,-1,1,-2,-2,-3,-1,0,-3,0,-1,-1,1,1
-4,0.029411765,-5,-5,0.071750853,-1,-4,0,-2,-1,0.333333333,-3,-2,-3,-1,0.333333333,-3,0,-2,-1,1,0
-4,0.161764706,-5,-5,0.058655222,-3,-3,0.333333333,-4,-1,0.333333333,-2,-1,-3,-2,0.333333333,-2,0,-1,-1,0,0
-1,0.117647059,-3,-4,0.088478046,-1,-2,1,-2,-1,0,-3,-2,-3,-1,0,-3,0,-1,-1,1,0
-4,0.294117647,-5,-1,0.057059536,-4,-5,1,-2,-1,1,-1,-1,-3,-2,0.333333333,-3,0,-2,-1,0,0
-2,0.161764706,-3,-7,0.069549906,-2,-3,1,-3,-3,0.333333333,-1,-2,-3,-2,0,-3,0,-1,-1,1,0
-4,0.161764706,-3,-2,0.152910752,-1,-4,0.333333333,-3,-1,0.333333333,-3,-1,-3,-2,0,-3,0,-1,-1,0,0
-1,0.382352941,-1,-10,0.43039507,-5,-2,0.333333333,-3,-1,0.666666667,-3,-2,-1,-2,0.666666667,-3,0,-1,-1,1,0
-4,0.338235294,-3,-7,0.271816881,-5,-5,1,-3,-1,1,-2,-1,-3,-2,1,-3,1,-2,-1,0,0
-4,0.102941176,-5,-5,0.049741389,-2,-1,1,-2,-1,1,-1,-1,-3,-2,0.666666667,-2,0,-1,-1,0,0
-1,0.088235294,-3,-5,0.113623858,-1,-5,0.666666667,-3,-1,1,-1,-1,-3,-2,0,-2,0,-1,-1,0,0
-2,0.044117647,-3,-5,0.127985034,-1,-3,0.333333333,-3,-3,0.333333333,-1,-1,-3,-2,0,-3,0,-1,-1,0,0
-2,0.205882353,-4,-1,0.145757676,-5,-5,1,-3,-1,1,-3,-1,-3,-2,0,-3,1,-1,-1,0,0
-1,0.117647059,-3,-5,0.02525586,-1,-5,1,-3,-1,1,-1,-1,-2,-2,0,-2,0,-1,-1,0,1
-1,0.029411765,-3,-4,0.061846594,-1,-3,0,-3,-1,0.333333333,-1,-1,-1,-2,0,-2,0,-2,-1,0,0
-3,0.161764706,-3,-8,0.00781336,-1,-2,1,-2,-1,1,-2,-2,-3,-1,0,-3,0,-2,-1,1,0
-1,0.294117647,-3,-1,0.251293056,-1,-4,0.333333333,-3,-2,0.666666667,-2,-1,-3,-2,0,-3,0,-2,-1,0,1
-4,0.117647059,-3,-4,0.048035655,-3,-3,1,-2,-1,1,-3,-1,-3,-1,0,-2,0,-1,-1,0,1
-1,0.117647059,-5,-1,0.103004292,-1,-3,0.666666667,-3,-1,0.333333333,-1,-1,-3,-1,0.333333333,-2,1,-1,-2,0,0
-2,0.470588235,-4,-1,0.108671729,-1,-5,1,-3,-1,1,-4,-1,-1,-3,0.333333333,-3,0,-2,-1,0,1
-2,0.147058824,-3,-10,0.063827446,-3,-5,0,-4,-1,0.333333333,-1,-1,-3,-2,0,-3,0,-2,-1,0,0
-1,0.294117647,-3,-2,0.149334214,-5,-5,1,-3,-1,1,-4,-1,-1,-3,0,-3,1,-2,-1,0,0
-1,0.029411765,-3,-6,0.0051172,-1,-2,1,-2,-1,0,-1,-1,-3,-2,0,-3,0,-1,-1,0,0
-1,0.117647059,-3,-1,0.061736547,-1,-4,0.333333333,-1,-1,0.666666667,-3,-1,-3,-2,0,-3,0,-1,-1,0,1
-4,0.426470588,-5,-2,0.385330692,-1,-4,0.666666667,-3,-1,0.333333333,-3,-1,-3,-2,0.333333333,-4,0,-2,-1,0,0
-1,0.25,-3,-5,0.170958512,-4,-2,1,-2,-1,0.333333333,-3,-1,-1,-2,0,-3,0,-1,-1,0,0
-4,0.117647059,-1,-4,0.138054363,-1,-5,0.333333333,-3,-1,1,-2,-1,-3,-2,0.333333333,-3,0,-1,-1,0,0
-1,0.294117647,-3,-4,0.207439199,-1,-3,0.333333333,-3,-1,0.333333333,-3,-1,-2,-2,0,-3,0,-1,-1,0,0
-4,0.117647059,-3,-5,0.028942445,-1,-3,1,-4,-1,0.333333333,-1,-1,-3,-2,0,-3,0,-1,-1,0,0
-4,0.205882353,-1,-10,0.21541763,-1,-3,0.333333333,-3,-1,0.333333333,-3,-1,-2,-2,0.333333333,-3,1,-1,-1,0,1
-4,0.117647059,-3,-5,0.105700451,-1,-2,0.333333333,-2,-1,0.333333333,-3,-1,-1,-2,0,-3,0,-1,-1,0,0
-2,0.073529412,-3,-5,0.052602619,-1,-5,1,-2,-1,1,-1,-2,-3,-2,0,-3,0,-1,-1,1,0
-4,0.470588235,-1,-7,0.130020909,-1,-3,1,-3,-1,0.333333333,-3,-1,-3,-2,0.333333333,-3,0,-1,-1,0,0
-1,0.647058824,-3,-6,0.154121272,-1,-3,0.666666667,-3,-1,1,-3,-1,-3,-2,0,-3,0,-1,-1,0,1
-4,0.294117647,-5,-7,0.289259382,-1,-5,0.666666667,-3,-1,1,-4,-1,-3,-3,0.333333333,-3,0,-1,-1,0,0
-4,0.294117647,-3,-5,0.041212721,-5,-5,1,-3,-1,0.333333333,-3,-2,-3,-2,0.333333333,-3,0,-1,-1,1,0
-2,0.117647059,-3,-5,0.028392209,-3,-3,1,-3,-1,0.666666667,-1,-1,-3,-2,0,-2,0,-1,-1,0,1
-1,0.117647059,-3,-1,0.090403874,-1,-3,1,-2,-3,1,-2,-1,-3,-2,0,-3,0,-2,-1,0,0
-4,0.338235294,-4,-10,0.267800154,-1,-4,0.666666667,-3,-1,1,-3,-1,-3,-2,0.333333333,-3,0,-1,-1,0,0
-4,0.294117647,-5,-4,0.073456586,-1,-4,1,-3,-1,0.666666667,-2,-1,-3,-2,0.333333333,-3,0,-1,-1,0,0
-4,0.205882353,-3,-7,0.093155057,-1,-2,1,-2,-1,1,-1,-2,-3,-2,0,-3,0,-1,-1,1,1
-4,0.205882353,-5,-1,0.138934742,-1,-4,0.333333333,-3,-1,0.333333333,-2,-1,-1,-2,0.333333333,-3,0,-1,-1,0,1
-4,0.294117647,-4,-1,0.125894134,-1,-5,1,-3,-1,1,-3,-1,-3,-2,0.333333333,-2,1,-1,-1,0,1
-1,0.117647059,-3,-8,0.023880269,-1,-3,1,-3,-1,1,-3,-1,-3,-1,0,-2,1,-1,-1,0,1
-4,0.161764706,-5,-5,0.061076263,-1,-3,1,-3,-1,0.333333333,-2,-1,-3,-2,0.333333333,-3,0,-1,-1,0,0
-2,0.25,-5,-4,0.137284032,-4,-4,0.666666667,-3,-1,0.333333333,-3,-1,-3,-2,0.333333333,-3,0,-2,-1,0,0
-2,0.102941176,-3,-4,0.073016397,-4,-2,1,-2,-1,0,-1,-2,-3,-2,0,-3,0,-1,-1,1,0
-2,0.294117647,-5,-3,0.64311654,-1,-3,0.333333333,-3,-2,0.666666667,-3,-1,-3,-2,0.333333333,-4,1,-2,-1,0,1
-4,0.470588235,-4,-5,0.23181468,-1,-3,1,-3,-1,0.333333333,-3,-1,-3,-2,0.333333333,-4,0,-2,-1,0,1
-4,0.161764706,-3,-1,0.161549466,-4,-4,0.333333333,-2,-1,0.666666667,-3,-2,-3,-1,0,-3,0,-1,-1,1,0
-4,0.25,-3,-2,0.122482668,-5,-5,1,-3,-1,1,-1,-1,-3,-2,0,-4,0,-2,-1,0,0
-4,0.205882353,-5,-5,0.118520964,-1,-3,0.333333333,-2,-1,0.333333333,-3,-1,-3,-2,0.333333333,-3,0,-1,-1,0,0
-2,0.470588235,-3,-4,0.483327831,-2,-2,1,-3,-2,0,-4,-1,-3,-1,0,-4,0,-2,-1,0,1
-2,0.117647059,-3,-1,0.058765269,-4,-5,1,-3,-1,1,-1,-1,-3,-2,0,-3,0,-2,-1,0,0
-1,0.205882353,-3,-4,0.187080445,-1,-2,0,-2,-1,1,-3,-2,-3,-1,0,-3,0,-1,-1,1,0
-1,0.294117647,-3,-2,0.146362936,-1,-4,0.333333333,-3,-1,0,-4,-1,-3,-3,0,-4,0,-2,-1,0,0
-4,0.294117647,-5,-5,0.267029823,-1,-2,0.666666667,-4,-1,0.666666667,-4,-1,-3,-3,0.666666667,-3,0,-2,-1,0,0
-1,0.117647059,-5,-1,0.252723671,-1,-5,0.666666667,-3,-2,1,-2,-1,-3,-1,0.333333333,-3,0,-2,-1,0,1
-4,0.088235294,-3,-9,0.035435237,-5,-4,1,-2,-1,0.666666667,-2,-1,-3,-2,0,-3,0,-2,-1,0,0
-2,0.647058824,-3,-4,0.53427974,-1,-2,0,-2,-1,0.333333333,-3,-1,-3,-2,0,-3,0,-2,-1,0,1
-4,0.117647059,-5,-1,0.050236602,-3,-3,1,-3,-1,1,-1,-1,-3,-2,0,-3,0,-2,-1,0,0
-1,0.205882353,-3,-5,0.129305601,-1,-3,1,-3,-1,1,-4,-1,-3,-3,0.333333333,-3,0,-1,-1,0,1
-2,0.117647059,-3,-1,0.041652911,-4,-3,1,-4,-1,0,-1,-2,-3,-2,0,-3,0,-1,-1,1,0
-1,0.602941176,-3,-5,0.087762738,-1,-3,1,-3,-1,1,-4,-2,-3,-3,0,-3,0,-2,-1,1,1
-1,0.117647059,-3,-1,0.056344228,-1,-2,0.666666667,-2,-1,0,-1,-1,-3,-2,0,-2,0,-1,-1,0,1
-1,0.294117647,-3,-1,0.061681523,-5,-3,1,-2,-1,1,-1,-2,-3,-1,0,-3,0,-1,-1,1,1
-2,0.294117647,-3,-1,0.052327501,-1,-2,1,-3,-1,0,-2,-1,-3,-2,0,-3,0,-1,-1,0,0
-4,0.382352941,-5,-5,0.313854958,-1,-4,0.666666667,-3,-2,0.333333333,-3,-1,-3,-2,0,-3,0,-1,-1,0,0
-1,0.25,-3,-1,0.193298118,-5,-4,0.333333333,-3,-2,0.333333333,-1,-2,-3,-2,0,-2,0,-1,-2,1,0
-2,0.117647059,-5,-6,0.064597777,-1,-4,1,-3,-1,0.666666667,-2,-1,-3,-2,0,-3,0,-1,-1,0,0
-4,0.161764706,-5,-8,0.070540332,-2,-3,1,-2,-1,0.666666667,-3,-1,-3,-2,0,-3,0,-1,-1,0,0
-4,0.294117647,-3,-4,0.154726532,-3,-5,1,-3,-1,0.666666667,-4,-1,-3,-1,0,-3,0,-2,-1,0,0
-2,0.205882353,-3,-5,0.047485419,-1,-3,1,-2,-3,1,-1,-1,-3,-2,0,-2,1,-1,-1,0,0
-2,0.073529412,-5,-5,0.049741389,-1,-5,0.333333333,-3,-1,1,-1,-1,-3,-2,0.666666667,-2,0,-1,-1,0,0
-2,0.117647059,-3,-5,0.342137119,-5,-1,0.333333333,-3,-1,0,-4,-1,-3,-2,0,-4,0,-2,-1,0,1
-1,0.029411765,-5,-4,0.089248377,-1,-1,1,-3,-1,1,-4,-1,-3,-3,0.666666667,-4,0,-2,-1,0,0
