a,a,a,a,a,a,a,a,a,a,a,a,a,a,a,a,a,a,a,a,a,a
-1,0.029411765,-1,-1,0.050566744,-1,-1,1,-1,-1,1,-1,0.857142857,-1,-1,0.333333333,-1,0,-1,-1,1,0
-2,0.647058824,-2,-1,0.313689887,-2,-2,0.333333333,-2,-1,0.333333333,-1,0.053571429,-1,-1,0,-1,0,-2,-1,0,1
-3,0.117647059,-1,-2,0.101573677,-2,-3,0.333333333,-1,-1,0.666666667,-1,0.535714286,-1,-1,0,-2,1,-2,-1,1,0
-1,0.558823529,-2,-3,0.419940574,-2,-3,0.333333333,-1,-2,1,-2,0.464285714,-1,-2,0,-1,1,-2,-1,1,0
-1,0.294117647,-3,-4,0.25420931,-2,-2,0.666666667,-1,-1,1,-3,0.607142857,-1,-2,0.333333333,-1,1,-2,-1,1,1
-3,0.470588235,-2,-2,0.484483328,-1,-2,0.333333333,-1,-1,1,-3,0.285714286,-1,-2,0,-2,1,-1,-1,1,0
-3,0.294117647,-2,-3,0.142236162,-3,-1,0.666666667,-1,-1,1,-2,0.607142857,-1,-1,0,-1,0,-2,-1,1,0
-2,0.470588235,-2,-5,0.368548476,-2,-2,0.333333333,-1,-1,0.333333333,-4,0.285714286,-1,-3,0,-3,0,-1,-1,1,0
-3,0.117647059,-2,-1,0.154561461,-4,-3,0.333333333,-3,-1,1,-1,0.75,-1,-1,0,-2,0,-2,-1,1,0
-2,0.382352941,-1,-4,0.274237922,-2,-4,1,-4,-1,0.333333333,-4,0.160714286,-1,-1,0.333333333,-3,0,-2,-1,1,1
-2,0.117647059,-2,-4,0.057499725,-2,-5,0.666666667,-2,-1,0,-4,0.107142857,-1,-3,0,-1,0,-2,-1,1,1
-1,0.647058824,-2,-6,0.223286013,-2,-5,0.666666667,-2,-1,1,-2,0.089285714,-1,-3,0,-1,0,-2,-1,0,1
-2,0.117647059,-2,-1,0.07246616,-2,-2,0,-2,-1,0,-4,0.053571429,-1,-1,0,-1,0,-1,-1,0,0
-1,0.294117647,-1,-4,0.052217454,-2,-1,1,-1,-1,1,-4,0.732142857,-1,-1,0.333333333,-2,0,-2,-1,1,1
-1,0.161764706,-2,-4,0.06344228,-2,-2,0.333333333,-2,-1,1,-4,0.160714286,-1,-3,0,-1,0,-2,-1,1,0
-1,0.294117647,-2,-1,0.056784417,-5,-2,1,-2,-1,0.333333333,-4,0.232142857,-1,-1,0,-2,0,-2,-1,1,1
-3,0.294117647,-1,-1,0.119621437,-1,-1,1,-1,-1,1,-2,0.607142857,-1,-1,0.333333333,-1,0,-2,-1,1,0
-1,0.382352941,-4,-6,0.43039507,-1,-5,0.333333333,-1,-1,0.666666667,-4,0.107142857,-2,-1,0.666666667,-1,0,-2,-1,1,0
-2,0.294117647,-2,-5,0.678386706,-2,-1,1,-2,-1,0.333333333,-3,0.446428571,-1,-2,0,-3,0,-1,-1,1,1
-3,0.294117647,-2,-1,0.174975239,-3,-1,0.666666667,-1,-1,0.333333333,-4,0.214285714,-1,-1,0,-1,1,-1,-1,1,0
-3,0.073529412,-1,-4,0.103664576,-2,-2,1,-1,-1,1,-4,0.517857143,-1,-1,0.666666667,-1,0,-1,-1,1,0
-1,0.029411765,-2,-1,0.131891713,-3,-2,0.333333333,-1,-1,0.666666667,-1,0.446428571,-1,-3,0,-1,1,-2,-1,1,0
-1,0.088235294,-1,-4,0.109552107,-2,-5,0,-1,-1,0.666666667,-1,0.517857143,-1,-3,0.333333333,-2,1,-2,-2,1,0
-2,0.117647059,-1,-5,0.085506768,-5,-5,0.666666667,-1,-1,1,-2,0.446428571,-1,-1,0,-1,0,-2,-1,1,0
-3,0.088235294,-1,-3,0.100088038,-1,-2,0.333333333,-4,-1,0,-4,0.125,-1,-1,0.333333333,-1,0,-2,-2,1,0
-1,0.029411765,-2,-3,0.061846594,-2,-2,0,-1,-1,0.333333333,-1,0.303571429,-2,-1,0,-2,0,-1,-1,1,0
-3,0.029411765,-4,-1,0.009684164,-2,-1,1,-4,-1,1,-4,0.357142857,-1,-1,0,-2,0,-2,-1,1,0
-4,0.117647059,-5,-1,0.008748762,-4,-2,0.666666667,-2,-1,0.666666667,-1,0.410714286,-1,-3,0.333333333,-1,0,-2,-1,1,0
-2,0.044117647,-2,-1,0.119126224,-2,-2,0.666666667,-1,-2,0.333333333,-1,0.267857143,-1,-1,0,-1,0,-2,-1,1,0
-1,0.823529412,-3,-6,0.362385826,-2,-1,0.666666667,-1,-1,1,-3,0.785714286,-1,-1,0.333333333,-1,0,-1,-1,1,1
-2,0.205882353,-2,-6,0.091504347,-4,-5,0.666666667,-4,-1,0.666666667,-1,0.303571429,-2,-1,0,-1,0,-1,-1,1,0
-1,0.294117647,-2,-3,0.207439199,-2,-2,0.333333333,-1,-1,0.333333333,-4,0.142857143,-3,-1,0,-1,0,-2,-1,1,0
-2,0.205882353,-2,-4,0.309012876,-5,-2,0.333333333,-1,-1,0.333333333,-4,0.196428571,-1,-1,0.333333333,-1,0,-1,-1,1,0
-3,0.117647059,-1,-6,0.055793991,-1,-1,1,-1,-1,1,-3,0.678571429,-1,-3,0,-2,0,-2,-1,1,0
-4,0.117647059,-2,-3,0.06734896,-2,-5,1,-2,-1,0,-2,0.25,-2,-1,0,-3,0,-1,-1,1,0
-2,0.602941176,-1,-1,0.247386376,-2,-5,1,-1,-1,0.333333333,-2,0.107142857,-1,-1,0.333333333,-2,0,-2,-1,1,1
-3,0.647058824,-1,-2,0.322438649,-2,-2,0,-1,-1,0.666666667,-3,0.214285714,-2,-2,0,-1,0,-1,-1,1,0
-4,0.205882353,-2,-1,0.101793771,-2,-2,1,-1,-3,0.333333333,-1,0.321428571,-3,-1,0,-1,0,-2,-1,1,1
-4,0.088235294,-2,-7,0.053648069,-2,-2,0.333333333,-1,-1,0.333333333,-4,0.321428571,-1,-1,0,-1,0,-1,-1,1,0
-2,0.073529412,-2,-1,0.011444921,-2,-2,1,-1,-1,0.666666667,-1,0.089285714,-1,-1,0,-1,0,-2,-1,0,0
-3,0.382352941,-2,-1,0.114614284,-3,-1,1,-1,-1,0.333333333,-4,0.196428571,-2,-1,0,-3,0,-2,-1,1,0
-2,0.117647059,-2,-1,0.049961483,-3,-2,0.666666667,-3,-1,0,-4,0.125,-1,-1,0,-1,0,-1,-1,1,0
-2,0.205882353,-3,-8,0.327610873,-2,-2,0.333333333,-1,-1,1,-1,0.446428571,-1,-1,0,-2,1,-1,-1,1,0
-1,0.382352941,-1,-5,0.32667547,-5,-3,0,-4,-1,1,-4,0.089285714,-1,-3,0.333333333,-1,0,-2,-1,0,0
-1,0.647058824,-1,-5,0.324254429,-2,-1,1,-2,-1,1,-3,0.696428571,-3,-2,0.333333333,-2,0,-2,-1,1,1
-3,0.102941176,-1,-4,0.062892044,-2,-5,1,-2,-1,1,-4,0.285714286,-1,-1,0.333333333,-3,0,-2,-1,1,0
-3,0.470588235,-2,-1,0.11274348,-3,-1,1,-1,-1,1,-4,0.357142857,-1,-1,0,-1,0,-2,-1,1,0
-1,0.029411765,-2,-5,0.060636074,-3,-4,0,-2,-1,0.333333333,-2,0.071428571,-1,-3,0,-4,0,-1,-1,0,0
-3,0.102941176,-1,-4,0.383955101,-2,-2,0,-1,-1,1,-2,0.357142857,-1,-1,0.333333333,-2,0,-2,-1,1,0
-3,0.117647059,-2,-1,0.100308132,-5,-2,1,-2,-3,0.333333333,-1,0.160714286,-1,-1,0,-1,0,-2,-1,1,0
-2,0.294117647,-3,-3,0.114614284,-1,-5,1,-1,-1,0.333333333,-2,0.178571429,-2,-1,0,-2,0,-2,-1,1,0
-2,0.338235294,-3,-5,0.314460218,-2,-1,0,-1,-1,0.333333333,-4,0.196428571,-1,-1,0.333333333,-3,0,-1,-1,1,0
-3,0.117647059,-2,-1,0.055683944,-2,-2,0.666666667,-1,-1,0.333333333,-4,0.107142857,-1,-1,0,-1,0,-2,-1,1,0
-3,0.205882353,-2,-5,0.172114009,-1,-2,0.333333333,-1,-1,0,-2,0.214285714,-1,-1,0,-1,0,-1,-1,1,0
-2,0.470588235,-3,-4,0.108671729,-2,-1,1,-1,-1,1,-3,0.678571429,-2,-2,0.333333333,-1,0,-1,-1,1,1
-3,0.029411765,-5,-4,0.029327611,-1,-2,0,-1,-2,0.333333333,-1,0.125,-3,-1,0,-2,1,-2,-1,1,0
-2,0.117647059,-2,-1,0.342137119,-1,-4,0.333333333,-1,-1,0,-3,0.589285714,-1,-1,0,-3,0,-1,-1,1,1
-3,0.470588235,-1,-1,0.512600418,-2,-2,0.333333333,-2,-1,0.333333333,-4,0.214285714,-3,-1,0.333333333,-1,0,-2,-1,1,0
-4,0.205882353,-2,-4,0.094145483,-2,-1,0.666666667,-2,-1,0.333333333,-4,0.071428571,-1,-1,0,-3,0,-2,-1,0,0
-1,0.470588235,-1,-3,0.328986464,-2,-5,1,-2,-3,1,-3,0.071428571,-1,-3,0.333333333,-2,0,-1,-1,0,1
-2,0.073529412,-2,-6,0.062781996,-2,-2,0.333333333,-4,-1,0,-1,0.142857143,-2,-1,0,-1,0,-1,-1,1,0
-2,0.161764706,-1,-1,0.070815451,-1,-1,1,-1,-2,1,-1,0.553571429,-1,-1,0.333333333,-1,0,-1,-1,1,0
-2,0.470588235,-4,-6,0.093705293,-2,-1,1,-1,-1,1,-3,0.75,-1,-2,0,-3,0,-1,-1,1,1
-2,0.647058824,-4,-6,0.779740288,-2,-2,0.333333333,-1,-1,0.333333333,-4,0.107142857,-1,-1,0,-1,0,-1,-1,1,1
-3,0.294117647,-2,-1,0.161274348,-2,-5,1,-2,-1,1,-2,0.125,-1,-1,0,-1,0,-1,-1,1,0
-3,0.338235294,-2,-8,0.271816881,-1,-1,1,-1,-1,1,-2,0.517857143,-1,-1,1,-1,1,-1,-1,1,0
-3,0.117647059,-2,-1,0.105700451,-2,-5,0.333333333,-2,-1,0.333333333,-4,0.178571429,-2,-1,0,-1,0,-2,-1,1,0
-2,0.117647059,-2,-4,0.041652911,-4,-2,1,-4,-1,0,-1,0.053571429,-1,-1,0,-1,0,-2,-1,0,0
-3,0.470588235,-2,-2,0.086332123,-2,-2,1,-1,-1,1,-3,0.321428571,-3,-2,0,-1,0,-1,-1,1,1
-3,0.470588235,-2,-1,0.117970727,-1,-2,1,-2,-1,1,-4,0.107142857,-1,-1,0,-1,0,-2,-1,1,0
-3,0.470588235,-2,-5,0.433751513,-2,-2,0,-2,-1,0.333333333,-2,0.196428571,-2,-1,0,-1,0,-2,-1,1,0
-3,0.044117647,-1,-1,0.026411357,-1,-1,1,-1,-1,0.333333333,-2,0.482142857,-1,-3,0.333333333,-2,0,-1,-1,1,0
-1,0.058823529,-1,-9,0.050291625,-2,-1,0.666666667,-1,-1,1,-3,0.571428571,-2,-2,0.333333333,-3,1,-1,-1,1,0
-2,0.558823529,-1,-6,0.313854958,-2,-3,0.333333333,-2,-1,0,-1,0.392857143,-2,-1,0.333333333,-2,0,-2,-1,1,0
-1,0.470588235,-2,-2,0.095025861,-1,-1,1,-1,-1,1,-3,0.375,-1,-1,0,-3,0,-1,-1,1,1
-1,0.117647059,-1,-5,0.07021019,-2,-1,1,-1,-1,1,-3,0.839285714,-1,-2,0.333333333,-3,0,-2,-1,1,0
-1,0.558823529,-2,-1,0.204412898,-2,-5,1,-1,-1,0.666666667,-4,0.267857143,-1,-1,0,-1,0,-2,-1,1,1
-2,0.102941176,-3,-1,0.248761968,-2,-3,0.333333333,-1,-1,1,-2,0.571428571,-1,-1,0,-1,0,-2,-1,1,0
-3,0.735294118,-4,-5,0.505447342,-1,-2,0.333333333,-1,-1,0.333333333,-2,0.357142857,-1,-1,0,-2,1,-2,-1,1,0
-2,0.382352941,-2,-3,0.197094751,-2,-5,0.333333333,-4,-1,0,-2,0.053571429,-1,-1,0,-1,0,-2,-1,0,0
-3,0.294117647,-2,-1,0.313249697,-1,-5,0,-2,-1,0,-4,0.446428571,-1,-1,0.333333333,-1,0,-1,-1,1,1
-3,0.161764706,-2,-1,0.052987785,-3,-1,1,-1,-1,0.666666667,-2,0.5,-3,-1,0,-1,0,-1,-1,1,0
-3,0.205882353,-2,-6,0.072521184,-5,-2,0.666666667,-2,-1,1,-2,0.089285714,-1,-3,0,-2,0,-2,-1,0,0
-1,0.294117647,-2,-9,0.082810609,-2,-1,1,-2,-2,1,-1,0.696428571,-1,-1,0,-2,0,-1,-1,1,0
-1,0.088235294,-2,-1,0.113623858,-2,-1,0.666666667,-1,-1,1,-1,0.589285714,-1,-1,0,-2,0,-2,-1,1,0
-3,0.117647059,-1,-6,0.063937493,-2,-2,1,-2,-2,0.333333333,-1,0.178571429,-1,-1,0.333333333,-3,0,-1,-1,1,0
-2,0.205882353,-1,-3,0.057499725,-2,-5,1,-2,-1,0,-2,0.142857143,-1,-1,0.333333333,-1,0,-2,-1,1,0
-2,0.470588235,-2,-2,0.680202487,-5,-2,0,-1,-1,1,-3,0.5,-1,-2,0,-1,1,-1,-1,1,1
-1,0.205882353,-2,-4,0.109992297,-5,-3,1,-1,-1,0.666666667,-4,0.196428571,-1,-1,0,-3,1,-1,-1,1,0
-1,0.117647059,-4,-8,0.0472103,-2,-3,1,-1,-1,0.666666667,-1,0.160714286,-1,-1,0.333333333,-1,0,-2,-1,1,1
-3,0.117647059,-1,-1,0.020248707,-2,-1,1,-1,-1,1,-1,0.660714286,-1,-1,0,-1,0,-2,-1,1,0
-1,0.117647059,-1,-5,0.063772422,-2,-1,1,-1,-1,0.666666667,-1,0.625,-1,-1,0,-1,0,-2,-1,1,0
-3,0.117647059,-1,-1,0.030097942,-1,-1,1,-2,-1,0.666666667,-2,0.25,-2,-1,0,-2,1,-2,-1,1,1
-4,0.294117647,-1,-3,0.185264664,-1,-1,1,-1,-3,1,-3,0.017857143,-1,-3,0.333333333,-1,0,-2,-1,0,0
-2,0.117647059,-2,-4,0.058765269,-4,-1,1,-1,-1,1,-1,0.625,-1,-1,0,-1,0,-1,-1,1,0
-2,0.735294118,-4,-6,0.863596346,-2,-5,0.666666667,-1,-1,1,-3,0.696428571,-1,-3,0,-1,0,-1,-1,1,1
-3,0.117647059,-1,-2,0.096951689,-1,-3,1,-2,-1,0.333333333,-4,0.75,-1,-1,0,-1,0,-2,-1,1,0
-2,0.205882353,-2,-6,0.130516122,-5,-2,1,-1,-1,1,-4,0.267857143,-1,-1,0,-1,0,-2,-1,1,0
-2,0.470588235,-1,-1,0.114834379,-2,-1,1,-1,-1,1,-1,0.303571429,-1,-1,0,-1,0,-2,-1,1,0
-2,0.235294118,-3,-5,0.374546055,-1,-3,0.666666667,-1,-1,1,-2,0.303571429,-2,-3,0.333333333,-3,1,-1,-1,1,0
-3,0.294117647,-2,-4,0.067073842,-5,-1,1,-4,-1,1,-1,0.392857143,-1,-3,0,-2,0,-2,-1,1,0
-2,0.470588235,-2,-1,0.114064048,-2,-3,1,-1,-1,1,-4,0.089285714,-1,-3,0,-1,0,-2,-1,0,0
-3,0.029411765,-3,-1,0.037526136,-2,-2,0.666666667,-2,-1,0.333333333,-1,0.089285714,-1,-1,0,-1,0,-2,-1,0,0
-2,0.073529412,-1,-3,0.091834489,-2,-3,1,-1,-1,0.666666667,-4,0.285714286,-1,-3,0,-1,0,-1,-1,1,0
-3,0.117647059,-2,-5,0.120776934,-1,-5,0.333333333,-4,-1,1,-4,0.125,-1,-3,0,-1,0,-1,-1,1,0
-2,0.294117647,-1,-9,0.64311654,-2,-2,0.333333333,-1,-3,0.666666667,-4,0.357142857,-1,-1,0.333333333,-3,1,-1,-1,1,1
-3,0.205882353,-5,-4,0.341586882,-2,-1,0.333333333,-1,-1,1,-3,0.357142857,-2,-1,0.333333333,-3,1,-1,-1,1,1
-2,0.117647059,-2,-4,0.320677891,-2,-3,0.333333333,-1,-1,0.333333333,-4,0.232142857,-1,-1,0,-1,0,-2,-1,1,0
-1,0.294117647,-2,-3,0.411081765,-1,-5,0,-2,-1,0.333333333,-2,0.196428571,-1,-1,0,-1,0,-1,-2,1,0
-2,0.147058824,-2,-6,0.063827446,-3,-1,0,-4,-1,0.333333333,-1,0.285714286,-1,-1,0,-1,0,-1,-1,1,0
-2,0.029411765,-3,-6,0.065973369,-5,-1,0,-3,-1,0.333333333,-4,0.214285714,-2,-1,0.333333333,-1,1,-2,-1,1,0
-4,0.161764706,-2,-2,0.00781336,-2,-5,1,-2,-1,1,-2,0.071428571,-1,-3,0,-1,0,-1,-1,0,0
-2,0.205882353,-2,-4,0.330692198,-2,-3,0.666666667,-1,-1,0.666666667,-1,0.160714286,-1,-3,0,-2,0,-2,-1,1,0
-3,0.470588235,-1,-4,0.418454936,-2,-2,1,-2,-1,0.333333333,-1,0.107142857,-3,-1,0.333333333,-1,0,-1,-1,1,1
-1,0.117647059,-2,-1,0.078683834,-3,-1,0.666666667,-4,-1,0,-1,0.285714286,-1,-1,0,-1,0,-2,-1,1,0
-3,0.647058824,-1,-1,0.183118741,-1,-1,1,-1,-1,0,-1,0.5,-1,-1,0,-1,0,-1,-1,1,0
-1,0.558823529,-2,-1,0.380983823,-1,-3,1,-2,-1,0.666666667,-4,0.196428571,-1,-1,0,-3,0,-1,-1,1,1
-1,0.088235294,-1,-3,0.103554528,-1,-5,0.333333333,-2,-3,0.666666667,-1,0.142857143,-1,-3,0.333333333,-1,0,-2,-2,1,0
-1,0.426470588,-1,-3,0.221800374,-3,-2,0,-2,-1,1,-4,0.071428571,-1,-1,0.333333333,-1,0,-2,-1,0,1
-2,0.117647059,-1,-4,0.116430065,-3,-3,0.666666667,-3,-1,0.666666667,-4,0.303571429,-1,-1,0,-3,0,-1,-1,1,0
-1,0.25,-2,-1,0.087212501,-2,-2,0.666666667,-2,-1,0.333333333,-1,0.107142857,-1,-1,0.333333333,-1,0,-1,-1,1,1
-3,0.294117647,-1,-5,0.199075603,-2,-1,1,-2,-1,0.333333333,-4,0.392857143,-1,-3,0.333333333,-3,0,-1,-1,1,0
-3,0.117647059,-2,-3,0.083525916,-2,-2,0.666666667,-1,-1,0.333333333,-1,0.089285714,-1,-3,0,-2,0,-2,-1,0,0
-4,0.088235294,-1,-4,0.029217564,-2,-1,1,-1,-1,1,-3,0.785714286,-1,-2,0.333333333,-1,0,-1,-1,1,0
-2,0.205882353,-2,-3,0.092109607,-1,-5,1,-2,-1,0.666666667,-1,0.142857143,-1,-3,0,-1,0,-2,-1,1,1
-1,0.117647059,-1,-4,0.102949268,-2,-2,1,-1,-1,0.333333333,-2,0.196428571,-1,-1,0.333333333,-1,0,-2,-1,1,0
-1,0.117647059,-2,-1,0.024815671,-2,-2,1,-4,-1,0.333333333,-1,0.375,-1,-1,0,-2,0,-2,-1,1,0
-2,0.117647059,-2,-8,0.021404204,-2,-2,1,-1,-1,0.333333333,-4,0.196428571,-1,-1,0,-1,0,-2,-1,1,1
-2,0.117647059,-1,-5,0.088588093,-2,-4,1,-1,-1,0.333333333,-4,0.267857143,-1,-1,0.333333333,-3,0,-1,-1,1,0
-1,0.117647059,-1,-4,0.178771872,-2,-2,0.666666667,-2,-3,0.333333333,-1,0.178571429,-1,-1,0.333333333,-1,0,-2,-1,1,1
-2,0.647058824,-2,-4,0.453229889,-1,-3,0,-2,-1,0.333333333,-4,0.089285714,-1,-1,0,-1,0,-2,-1,0,0
-1,0.470588235,-3,-2,0.365192033,-2,-2,1,-1,-1,0.666666667,-2,0.178571429,-3,-1,0,-1,0,-1,-1,1,1
-3,0.161764706,-2,-3,0.135248157,-2,-5,0.333333333,-1,-1,0.666666667,-2,0.142857143,-2,-1,0.333333333,-2,0,-2,-1,1,0
-3,0.205882353,-2,-3,0.095411027,-2,-2,1,-1,-1,1,-3,0.5,-2,-2,0.333333333,-1,0,-2,-1,1,0
-3,0.823529412,-2,-1,0.544404094,-5,-3,0.333333333,-2,-1,1,-1,0.035714286,-1,-1,0,-1,0,-1,-1,0,0
-3,0.117647059,-1,-1,0.054473424,-1,-1,1,-2,-1,0.333333333,-1,0.339285714,-1,-1,0.333333333,-1,0,-1,-1,1,0
-3,0.338235294,-3,-5,0.46016287,-4,-2,0.333333333,-1,-1,0.333333333,-4,0.142857143,-1,-1,0.333333333,-1,0,-2,-1,1,0
-2,0.117647059,-2,-1,0.028392209,-3,-2,1,-1,-1,0.666666667,-1,0.839285714,-1,-1,0,-2,0,-2,-1,1,1
-2,0.161764706,-1,-1,0.13634863,-1,-3,1,-1,-2,0.333333333,-1,0.285714286,-2,-1,0.666666667,-1,0,-1,-1,1,0
-4,0.117647059,-2,-1,0.08974359,-2,-2,0.333333333,-2,-1,0.333333333,-4,0.446428571,-1,-3,0,-2,0,-1,-1,1,0
-4,0.029411765,-2,-4,0.02525586,-4,-5,0.333333333,-4,-1,0.333333333,-1,0.142857143,-1,-1,0,-4,0,-2,-2,1,0
-2,0.470588235,-2,-1,0.250082535,-2,-5,1,-2,-1,0,-3,0.196428571,-1,-1,0,-3,0,-1,-1,1,0
-1,0.338235294,-2,-1,0.174204908,-2,-2,0.666666667,-1,-1,0.333333333,-4,0.142857143,-1,-1,0,-3,0,-2,-1,1,0
-1,0.205882353,-2,-3,0.121712336,-2,-2,0.333333333,-1,-1,0.333333333,-4,0.053571429,-1,-1,0,-1,0,-2,-1,0,1
-3,0.25,-1,-3,0.112138219,-2,-5,1,-2,-1,1,-2,0.071428571,-1,-1,0,-1,0,-1,-1,0,0
-2,0.647058824,-5,-6,0.182458457,-5,-3,1,-1,-1,0.333333333,-4,0.196428571,-1,-1,0,-1,0,-2,-1,1,0
-1,0.029411765,-1,-4,0.033564433,-2,-1,0,-2,-1,1,-3,0.357142857,-1,-1,0.333333333,-1,0,-1,-1,1,0
-3,0.117647059,-1,-4,0.023770221,-5,-3,1,-2,-1,0.666666667,-4,0.571428571,-1,-1,0.333333333,-1,0,-1,-1,1,0
-1,0.470588235,-1,-3,0.281776164,-2,-2,0.666666667,-1,-2,0.333333333,-2,0.160714286,-1,-1,0.333333333,-1,0,-2,-1,1,0
-3,0.205882353,-1,-1,0.073291515,-4,-1,1,-1,-1,1,-4,0.482142857,-1,-1,0.333333333,-1,0,-2,-1,1,0
-3,0.029411765,-2,-1,0.060305932,-5,-1,0.333333333,-1,-1,1,-3,0.410714286,-2,-2,0,-1,1,-1,-1,1,0
-3,0.088235294,-2,-1,0.092109607,-2,-2,0,-1,-1,1,-2,0.339285714,-1,-1,0,-1,0,-1,-2,1,0
-4,0.470588235,-2,-1,0.30802245,-2,-2,1,-1,-1,0,-4,0.089285714,-1,-1,0,-1,0,-2,-1,0,0
-2,0.294117647,-1,-5,0.413117641,-4,-1,0.333333333,-2,-1,1,-3,0.178571429,-1,-3,0,-1,0,-2,-1,1,0
-2,0.294117647,-3,-6,0.369593925,-5,-3,1,-1,-1,1,-4,0.303571429,-1,-3,0,-3,0,-1,-1,1,0
-1,0.117647059,-2,-3,0.056784417,-2,-2,0.333333333,-2,-1,1,-4,0.017857143,-1,-3,0,-1,0,-2,-1,0,1
-1,0.073529412,-1,-8,0.057114559,-5,-1,0.666666667,-1,-2,1,-1,0.517857143,-1,-1,0.333333333,-1,1,-2,-2,1,0
-1,0.117647059,-5,-10,0.004897106,-2,-1,1,-4,-1,0,-4,0.464285714,-2,-1,0,-2,0,-2,-1,1,0
-2,0.294117647,-2,-4,0.179487179,-5,-3,0.333333333,-1,-1,0.666666667,-4,0.339285714,-2,-1,0.333333333,-1,0,-1,-1,1,0
-3,0.029411765,-1,-1,0.090678992,-1,-2,0,-1,-1,0.333333333,-1,0.267857143,-1,-1,0.333333333,-2,1,-2,-1,1,0
-3,0.294117647,-1,-1,0.144272037,-5,-1,0.666666667,-1,-1,1,-1,0.303571429,-1,-1,0,-1,1,-1,-1,1,0
-3,0.205882353,-1,-4,0.044294046,-2,-5,1,-2,-1,0,-2,0.196428571,-1,-1,0.333333333,-1,0,-2,-1,1,0
-3,0.161764706,-2,-7,0.055683944,-3,-3,1,-1,-1,0.666666667,-2,0.303571429,-1,-1,0.333333333,-1,0,-1,-1,1,0
-2,0.088235294,-2,-4,0.388356994,-2,-4,0.333333333,-1,-1,1,-3,0.910714286,-2,-2,0,-3,0,-1,-1,1,0
-3,0.470588235,-2,-4,0.036260592,-3,-1,1,-1,-1,1,-2,0.303571429,-1,-1,0,-1,0,-2,-1,1,0
-3,0.029411765,-2,-3,0.150104545,-3,-2,0,-1,-1,0.333333333,-4,0.232142857,-1,-1,0,-1,0,-1,-1,1,0
-1,0.205882353,-2,-3,0.048475845,-2,-4,1,-2,-1,0.333333333,-4,0.25,-1,-1,0,-1,0,-2,-1,1,1
-2,0.102941176,-2,-3,0.073016397,-4,-5,1,-2,-1,0,-1,0.017857143,-1,-1,0,-1,0,-2,-1,0,0
-3,0.294117647,-2,-3,0.204798063,-2,-3,0.333333333,-2,-1,1,-2,0.107142857,-1,-3,0,-1,0,-1,-1,1,0
-2,0.294117647,-1,-6,0.092714867,-2,-1,1,-3,-1,1,-1,0.214285714,-1,-1,0.333333333,-1,0,-1,-1,1,1
-1,0.161764706,-4,-4,0.038516562,-2,-1,1,-1,-1,0.666666667,-4,0.25,-1,-3,0.333333333,-1,1,-2,-1,1,1
-3,0.117647059,-2,-3,0.028227138,-2,-2,1,-2,-1,0,-1,0.125,-1,-1,0,-1,0,-1,-1,1,0
-2,0.294117647,-3,-3,0.09981292,-2,-4,0.666666667,-2,-1,0.333333333,-2,0.267857143,-1,-1,0,-3,0,-1,-1,1,1
-2,0.058823529,-2,-1,0.06404754,-2,-2,1,-1,-2,0.333333333,-1,0.25,-1,-1,0,-1,0,-2,-2,1,0
-1,0.25,-3,-2,0.174094861,-2,-5,0.333333333,-1,-1,0,-2,0.125,-1,-1,0.333333333,-1,0,-2,-1,1,1
-3,0.382352941,-5,-5,0.398096181,-1,-4,1,-2,-1,0,-1,0.607142857,-2,-1,0,-3,0,-1,-1,1,1
-1,0.117647059,-2,-3,0.128040057,-2,-2,0.333333333,-3,-1,0,-4,0.410714286,-1,-1,0,-1,0,-2,-1,1,0
-1,0.029411765,-1,-1,0.004842082,-3,-1,1,-1,-1,1,-4,0.589285714,-1,-1,0.333333333,-1,0,-2,-1,1,0
-3,0.117647059,-2,-1,0.09425553,-2,-3,1,-1,-1,0.333333333,-4,0.214285714,-1,-3,0.333333333,-3,1,-1,-1,1,0
-1,0.25,-1,-4,0.017662595,-2,-1,1,-1,-1,1,-1,0.821428571,-1,-1,0.333333333,-1,0,-2,-1,1,0
-3,0.470588235,-3,-6,0.51293056,-2,-5,0,-3,-1,0,-4,0.160714286,-1,-1,0.333333333,-1,0,-2,-1,1,1
-2,0.470588235,-3,-6,0.231374491,-2,-2,0.333333333,-3,-1,0.333333333,-1,0.196428571,-3,-1,0.333333333,-3,0,-1,-1,1,1
-1,0.25,-5,-4,0.076868053,-1,-2,1,-1,-1,0.333333333,-2,0.375,-1,-1,0.333333333,-2,1,-2,-1,1,1
-3,0.294117647,-1,-3,0.194068449,-4,-2,1,-1,-1,1,-1,0.553571429,-1,-1,0,-1,0,-1,-1,1,0
-2,0.205882353,-1,-4,0.034885001,-2,-1,1,-1,-1,1,-4,0.303571429,-2,-1,0,-1,1,-1,-1,1,1
-3,0.161764706,-1,-1,0.061076263,-2,-2,1,-1,-1,0.333333333,-2,0.214285714,-1,-1,0.333333333,-1,0,-2,-1,1,0
-2,0.073529412,-5,-5,0.268460438,-2,-1,0.333333333,-2,-1,1,-3,0.982142857,-2,-2,0,-3,1,-1,-1,1,1
-2,0.176470588,-1,-4,0.050896886,-2,-4,0.333333333,-1,-1,0.666666667,-4,0.875,-1,-2,0.666666667,-4,0,-1,-1,1,0
-1,0.117647059,-2,-1,0.023330032,-5,-3,1,-4,-1,0,-2,0.017857143,-1,-1,0,-1,0,-2,-1,0,1
-2,0.205882353,-4,-3,0.164740839,-2,-2,0,-2,-1,1,-4,0.25,-2,-1,0.333333333,-1,0,-1,-1,1,0
-3,0.294117647,-2,-6,0.238857709,-4,-2,0.333333333,-1,-1,0.666666667,-2,0.625,-1,-1,0.666666667,-3,0,-1,-1,1,1
-2,0.647058824,-4,-6,0.197755035,-5,-3,1,-1,-1,1,-3,0.267857143,-1,-2,0,-2,1,-2,-1,1,1
-2,0.338235294,-2,-6,0.201661715,-2,-2,1,-1,-1,0.333333333,-4,0.303571429,-1,-1,0,-1,1,-1,-1,1,1
-3,0.029411765,-2,-1,0.102233961,-2,-3,0.333333333,-4,-1,0.333333333,-1,0.178571429,-1,-3,0,-1,0,-2,-1,1,0
-2,0.602941176,-2,-1,0.153020799,-5,-2,1,-1,-2,1,-2,0.035714286,-1,-3,0,-1,0,-2,-1,0,1
-2,0.073529412,-1,-2,0.068834599,-2,-1,0.333333333,-2,-1,0.666666667,-4,0.267857143,-1,-1,0.333333333,-3,0,-1,-1,1,1
-3,0.029411765,-1,-1,0.062286783,-2,-2,0,-2,-1,0,-4,0.160714286,-1,-1,0.333333333,-1,0,-1,-1,1,0
-2,0.117647059,-2,-3,0.038571586,-5,-5,1,-2,-1,1,-4,0.142857143,-2,-3,1,-1,0,-2,-1,1,1
-2,0.294117647,-2,-5,0.138109387,-1,-1,1,-1,-1,1,-3,0.303571429,-2,-2,0,-1,0,-1,-1,1,0
-2,0.205882353,-3,-3,0.222680753,-2,-1,1,-3,-1,0.666666667,-3,0.375,-1,-1,0,-3,0,-1,-1,1,1
-3,0.073529412,-1,-2,0.037746231,-3,-1,1,-1,-1,0.333333333,-4,0.589285714,-1,-1,0.333333333,-1,0,-1,-1,1,0
-1,0.117647059,-2,-4,0.05051172,-2,-2,1,-4,-1,0.666666667,-1,0.142857143,-1,-1,0,-2,0,-2,-1,1,0
-3,0.338235294,-3,-6,0.267800154,-2,-3,0.666666667,-1,-1,1,-4,0.125,-1,-1,0.333333333,-1,0,-2,-1,1,0
-1,0.117647059,-2,-10,0.035875426,-2,-3,1,-4,-1,1,-2,0.035714286,-1,-3,0,-1,0,-2,-1,0,1
-3,0.117647059,-1,-4,0.068504457,-2,-1,1,-1,-1,0,-1,0.339285714,-1,-1,0.333333333,-2,1,-2,-1,1,0
-1,0.382352941,-1,-5,0.570760427,-2,-1,0.666666667,-1,-1,1,-3,0.339285714,-1,-2,0.666666667,-3,1,-1,-1,1,0
-3,0.117647059,-1,-3,0.092714867,-2,-1,1,-1,-1,1,-1,0.428571429,-1,-1,0.666666667,-1,0,-1,-1,1,0
-2,0.117647059,-1,-7,0.064597777,-2,-3,1,-1,-1,0.666666667,-2,0.125,-1,-1,0,-1,0,-2,-1,1,0
-1,0.294117647,-2,-6,0.347639485,-2,-2,0.333333333,-4,-1,0.333333333,-4,0.035714286,-3,-1,0,-2,0,-2,-1,0,0
-3,0.117647059,-2,-5,0.063992517,-4,-3,0.666666667,-1,-1,0.333333333,-2,0.642857143,-1,-1,0,-1,0,-2,-2,1,0
-3,0.073529412,-1,-1,0.155386816,-1,-2,0,-1,-1,0.333333333,-1,0.25,-1,-1,0.333333333,-1,1,-2,-1,1,0
-3,0.470588235,-2,-1,0.197259822,-1,-1,0.333333333,-2,-1,1,-1,0.464285714,-1,-1,0,-2,0,-1,-1,1,0
-1,0.338235294,-4,-6,0.277484318,-2,-4,0.333333333,-1,-1,1,-2,0.553571429,-3,-1,0.333333333,-1,0,-1,-1,1,1
-4,0.382352941,-3,-6,0.091229229,-2,-1,1,-1,-1,1,-1,0.839285714,-1,-1,0,-3,0,-1,-1,1,1
-3,0.470588235,-1,-1,0.170133157,-1,-1,1,-1,-1,0.333333333,-4,0.571428571,-1,-1,0,-1,0,-1,-1,1,0
-2,0.029411765,-1,-10,0.037526136,-1,-3,0,-2,-1,0.666666667,-2,0.357142857,-1,-1,0.333333333,-2,0,-2,-1,1,0
-1,0.205882353,-4,-6,0.157037526,-2,-3,0.666666667,-1,-1,0,-2,0.214285714,-2,-1,0,-1,0,-1,-1,1,0
-4,0.470588235,-2,-1,0.201551667,-2,-2,0.333333333,-1,-1,0.333333333,-1,0.071428571,-1,-1,0,-1,0,-1,-1,0,0
-1,0.294117647,-2,-3,0.152470562,-2,-2,0.333333333,-3,-1,0.333333333,-1,0.089285714,-1,-3,0,-2,0,-2,-1,0,0
-3,0.088235294,-2,-4,0.061296357,-2,-2,0.333333333,-2,-1,1,-4,0.803571429,-1,-1,0,-1,0,-1,-1,1,0
-2,0.117647059,-2,-1,0.020633873,-2,-5,1,-4,-2,0,-1,0.125,-2,-1,0,-2,0,-2,-1,1,0
-1,0.117647059,-2,-2,0.052272477,-1,-2,1,-2,-1,1,-2,0.071428571,-2,-3,0,-1,0,-1,-1,0,0
-3,0.117647059,-2,-1,0.025145813,-2,-2,1,-1,-1,0.333333333,-1,0.196428571,-2,-1,0.333333333,-1,0,-2,-1,1,0
-3,0.294117647,-3,-6,0.150104545,-1,-2,1,-1,-1,1,-1,0.232142857,-1,-1,0.333333333,-1,1,-1,-1,1,0
-3,0.161764706,-2,-5,0.24248927,-2,-2,0.666666667,-1,-1,0.333333333,-4,0.196428571,-1,-1,0,-1,0,-1,-1,1,0
-3,0.470588235,-4,-8,0.130020909,-2,-2,1,-1,-1,0.333333333,-4,0.142857143,-1,-1,0.333333333,-1,0,-2,-1,1,0
-2,0.647058824,-2,-1,0.589358424,-4,-3,0,-1,-3,0.333333333,-3,0.142857143,-2,-1,0.333333333,-1,0,-1,-1,1,1
-1,0.117647059,-2,-3,0.419005172,-2,-1,1,-1,-1,1,-3,0.607142857,-1,-2,0,-3,0,-1,-1,1,1
-3,0.073529412,-2,-1,0.067569055,-2,-3,1,-1,-1,0.333333333,-4,0.053571429,-1,-1,0,-1,0,-2,-1,0,1
-1,0.294117647,-2,-3,0.159513591,-2,-5,1,-1,-1,0,-3,0.053571429,-2,-2,0,-1,0,-2,-1,0,0
-4,0.470588235,-2,-1,0.217893694,-2,-2,1,-1,-1,0.333333333,-4,0.125,-1,-1,0,-1,0,-2,-1,1,1
-3,0.073529412,-2,-4,0.124188401,-3,-1,0.333333333,-1,-1,1,-3,0.571428571,-1,-2,0,-2,0,-2,-1,1,0
-3,0.117647059,-2,-1,0.104049741,-5,-3,0.666666667,-1,-1,0,-3,0.285714286,-1,-1,0,-1,0,-2,-1,1,0
-2,0.205882353,-2,-1,0.033894575,-2,-2,1,-4,-2,0.333333333,-1,0.107142857,-1,-1,0,-2,0,-2,-1,1,0
-3,0,-1,-1,0.071200616,-2,-3,0.333333333,-1,-1,0,-1,0.410714286,-1,-1,0.666666667,-2,1,-2,-1,1,0
-1,0.294117647,-2,-1,0.086552217,-2,-4,1,-1,-1,0.333333333,-4,0.196428571,-3,-1,0,-3,1,-2,-1,1,1
-2,0.029411765,-2,-4,0.787113459,-1,-4,0,-1,-1,0.333333333,-2,0.071428571,-1,-1,0,-4,0,-1,-1,0,1
-2,0.25,-2,-6,0.138494553,-5,-1,1,-3,-1,0.333333333,-4,0.75,-2,-3,0.333333333,-2,0,-2,-1,1,1
-3,0.117647059,-1,-1,0.05727963,-2,-2,1,-2,-1,0.333333333,-2,0.285714286,-1,-1,0.333333333,-1,0,-2,-1,1,0
-1,0.382352941,-2,-1,0.125013756,-2,-1,0,-1,-2,0.666666667,-2,0.357142857,-1,-1,0,-1,1,-2,-1,1,0
-1,0.294117647,-2,-4,0.036590734,-1,-1,1,-2,-1,0.333333333,-4,0.178571429,-2,-1,0,-1,0,-2,-1,1,1
-3,0.029411765,-2,-1,0.074006823,-2,-3,0.666666667,-1,-1,0.333333333,-2,0.571428571,-1,-1,0,-1,1,-2,-1,1,0
-1,0.647058824,-4,-5,0.23962804,-2,-1,0.666666667,-1,-1,1,-3,0.089285714,-1,-2,0.333333333,-1,1,-2,-1,0,1
-3,0.117647059,-1,-6,0.051447122,-2,-2,0.666666667,-2,-1,0.333333333,-1,0.142857143,-1,-1,0.333333333,-1,0,-2,-1,1,0
-3,0.117647059,-5,-10,0.175910642,-3,-2,1,-2,-1,0.666666667,-1,0.285714286,-1,-1,0,-2,1,-2,-1,1,0
-3,0.294117647,-2,-6,0.055463849,-2,-3,1,-1,-1,0,-1,0.107142857,-1,-1,0,-1,0,-1,-1,1,0
-3,0.117647059,-1,-1,0.025696049,-2,-1,1,-1,-1,1,-1,0.589285714,-1,-1,0.666666667,-1,0,-2,-1,1,0
-3,0.029411765,-4,-4,0.052492572,-5,-2,1,-1,-1,0,-3,0.285714286,-2,-3,0,-1,0,-2,-2,1,0
-4,0.294117647,-2,-3,0.092164631,-2,-2,0.333333333,-1,-1,0.333333333,-1,0.125,-1,-1,0,-1,0,-2,-1,1,0
-3,0.205882353,-2,-1,0.01006933,-2,-4,0.666666667,-2,-3,1,-1,0.053571429,-1,-3,0,-1,0,-2,-1,0,1
-1,0.029411765,-1,-4,0.022889843,-4,-3,0.666666667,-2,-1,1,-1,0.357142857,-1,-1,0.333333333,-2,0,-1,-1,1,0
-4,0.117647059,-2,-3,0.110102344,-2,-2,0,-2,-1,0.333333333,-4,0.482142857,-1,-1,0,-2,0,-2,-1,1,0
-2,0.382352941,-2,-4,0.104544954,-2,-2,1,-2,-2,0.333333333,-3,0.089285714,-2,-1,0,-1,0,-2,-1,0,1
-3,0.294117647,-3,-3,0.214647298,-5,-2,0.333333333,-1,-1,0.666666667,-2,0.285714286,-1,-1,0.333333333,-1,0,-2,-1,1,0
-2,0.073529412,-2,-3,0.097942115,-1,-3,0.333333333,-1,-1,0,-4,0.089285714,-1,-1,0,-1,0,-1,-1,0,0
-2,0.823529412,-3,-1,0.394409596,-1,-2,0,-1,-1,0,-1,0.142857143,-1,-1,0,-2,0,-2,-1,1,0
-3,0.294117647,-1,-1,0.133927589,-2,-2,1,-1,-1,0.333333333,-1,0.285714286,-1,-1,0.333333333,-2,0,-2,-1,1,0
-1,0.117647059,-5,-1,0.104489931,-2,-2,1,-3,-1,0,-3,0.178571429,-1,-2,0,-1,0,-2,-1,1,1
-3,0.161764706,-2,-5,0.195994278,-5,-5,0,-2,-1,1,-4,0.071428571,-1,-1,0,-1,0,-1,-1,0,0
-3,0.102941176,-1,-1,0.049741389,-5,-4,1,-2,-1,1,-1,0.678571429,-1,-1,0.666666667,-2,0,-2,-1,1,0
-1,0.117647059,-2,-3,0.07741829,-2,-2,0.333333333,-1,-1,0.333333333,-1,0.142857143,-1,-1,0,-1,0,-2,-1,1,0
-1,0.294117647,-2,-1,0.074447012,-2,-1,1,-2,-1,1,-4,0.642857143,-1,-1,0,-1,0,-2,-1,1,0
-1,0.205882353,-1,-4,0.277979531,-2,-1,0.333333333,-1,-1,1,-3,0.303571429,-1,-2,0.666666667,-3,0,-1,-1,1,0
-3,0.117647059,-1,-2,0.137449103,-2,-1,0.333333333,-2,-1,1,-3,0.678571429,-2,-2,0.666666667,-2,0,-2,-1,1,0
-3,0.088235294,-1,-4,0.053978211,-2,-1,0.666666667,-1,-1,1,-1,0.232142857,-1,-1,0.333333333,-2,1,-2,-2,1,0
-2,0.161764706,-2,-1,0.03037306,-2,-1,1,-1,-1,0.666666667,-4,0.321428571,-1,-1,0,-1,1,-2,-1,1,1
-3,0.470588235,-1,-6,0.333113239,-1,-1,1,-1,-1,1,-1,0.303571429,-1,-1,0.333333333,-1,0,-2,-1,1,0
-3,0.294117647,-2,-1,0.070595356,-2,-5,1,-2,-1,0.666666667,-4,0.339285714,-3,-1,0,-1,0,-1,-1,1,0
-1,0.147058824,-2,-4,0.480246506,-2,-1,0,-3,-1,1,-2,0.464285714,-1,-1,0,-3,0,-1,-2,1,1
-3,0.294117647,-2,-1,0.041212721,-1,-1,1,-1,-1,0.333333333,-4,0.107142857,-1,-1,0.333333333,-1,0,-2,-1,1,0
-3,0.205882353,-2,-4,0.132717068,-1,-3,1,-1,-1,0.666666667,-2,0.232142857,-1,-1,0,-1,0,-2,-2,1,0
-3,0.117647059,-1,-3,0.063387257,-3,-3,0.666666667,-2,-1,1,-4,0.321428571,-1,-3,0,-1,0,-1,-1,1,0
-2,0.647058824,-5,-4,0.655827006,-1,-4,1,-1,-3,1,-3,0.303571429,-1,-2,0,-3,0,-1,-1,1,0
-2,0.647058824,-2,-1,0.154616485,-2,-3,1,-1,-1,1,-1,0.160714286,-1,-1,0.333333333,-1,0,-2,-1,1,1
-1,0.382352941,-2,-8,0.64641796,-2,-5,0,-3,-1,0,-3,0.267857143,-1,-1,0,-2,0,-1,-1,1,1
-3,0.073529412,-2,-1,0.134642896,-2,-2,0,-1,-1,0.333333333,-1,0.232142857,-1,-1,0,-1,1,-2,-1,1,0
-3,0.205882353,-1,-1,0.118520964,-2,-2,0.333333333,-2,-1,0.333333333,-4,0.125,-1,-1,0.333333333,-1,0,-2,-1,1,0
-1,0.117647059,-2,-3,0.055683944,-1,-1,0.333333333,-3,-1,1,-2,0.535714286,-1,-1,0,-2,0,-1,-1,1,0
-3,0.029411765,-2,-3,0.239958182,-2,-5,0,-2,-1,1,-2,0.232142857,-1,-1,0,-1,0,-2,-1,1,1
-3,0.294117647,-2,-1,0.090844063,-5,-2,1,-1,-1,1,-4,0.178571429,-1,-3,0,-3,0,-1,-1,1,0
-3,0.161764706,-1,-5,0.171563772,-4,-1,0.666666667,-1,-1,1,-3,0.071428571,-1,-3,0.333333333,-1,0,-1,-1,0,0
-3,0.117647059,-2,-3,0.072851326,-2,-2,1,-1,-1,0.333333333,-1,0.553571429,-1,-1,0,-1,0,-2,-1,1,0
-4,0.205882353,-5,-1,0.065753274,-1,-3,1,-1,-1,1,-4,0.535714286,-2,-1,0,-2,0,-2,-1,1,0
-3,0.161764706,-1,-3,0.069880048,-1,-1,1,-1,-1,1,-2,0.785714286,-1,-1,0,-1,0,-2,-1,1,0
-2,0.294117647,-1,-4,0.199625839,-5,-5,1,-3,-1,0.333333333,-4,0.321428571,-1,-1,0,-1,0,-1,-1,1,0
-1,0.632352941,-2,-4,0.576207769,-2,-5,0,-2,-1,0,-1,0.285714286,-1,-1,0,-2,0,-1,-1,1,0
-1,0.647058824,-2,-5,0.24969737,-2,-3,1,-1,-1,0.666666667,-2,0.125,-1,-1,0,-1,1,-2,-1,1,0
-2,0.647058824,-3,-9,0.403433476,-5,-4,0.333333333,-1,-1,1,-3,0.214285714,-1,-2,0,-3,0,-1,-1,1,0
-2,0.117647059,-2,-1,0.046329922,-2,-2,1,-2,-2,1,-1,0.535714286,-1,-1,0.333333333,-1,0,-1,-1,1,0
-1,0.294117647,-3,-1,0.042588313,-2,-5,1,-4,-1,1,-1,0.517857143,-3,-1,0,-1,0,-2,-1,1,1
-3,0.117647059,-2,-6,0.045449543,-2,-2,0.333333333,-4,-1,0.333333333,-1,0.125,-1,-1,0,-1,0,-1,-2,1,0
-2,0.470588235,-2,-5,0.503356443,-2,-5,0,-4,-1,1,-4,0.160714286,-1,-3,0,-3,0,-1,-1,1,1
-1,0.294117647,-1,-5,0.33944096,-2,-1,0.333333333,-2,-1,1,-3,0.446428571,-1,-2,0.333333333,-3,1,-1,-1,1,0
-4,0.558823529,-1,-5,0.250137559,-2,-1,1,-1,-1,1,-3,0.660714286,-1,-2,0,-1,0,-2,-1,1,0
-3,0.647058824,-1,-6,0.406019588,-1,-1,1,-3,-1,0.333333333,-4,0.482142857,-2,-1,0.333333333,-3,1,-2,-1,1,0
-2,0.647058824,-2,-3,0.53427974,-2,-5,0,-2,-1,0.333333333,-4,0.125,-1,-1,0,-1,0,-1,-1,1,1
-3,0.117647059,-2,-5,0.243479696,-1,-5,0,-2,-1,1,-4,0.017857143,-1,-3,0,-1,0,-2,-1,0,0
-3,0.088235294,-2,-4,0.057059536,-1,-1,1,-1,-3,0.333333333,-2,0.464285714,-1,-1,0,-2,0,-2,-2,1,0
-3,0.205882353,-2,-3,0.12462859,-2,-2,0.666666667,-1,-1,1,-1,0.428571429,-1,-1,0,-1,0,-1,-1,1,0
-2,0.25,-1,-3,0.137284032,-4,-3,0.666666667,-1,-1,0.333333333,-4,0.232142857,-1,-1,0.333333333,-1,0,-1,-1,1,0
-3,0.029411765,-2,-4,0.023219985,-2,-4,0,-2,-1,1,-1,0.625,-1,-1,0,-4,0,-1,-1,1,0
-2,0.470588235,-4,-1,0.195554088,-2,-2,1,-2,-1,0,-4,0.410714286,-1,-1,0,-1,0,-1,-1,1,1
-4,0.294117647,-1,-4,0.060195884,-1,-3,1,-1,-1,0.333333333,-1,0.321428571,-2,-1,0.333333333,-2,1,-2,-1,1,1
-1,0.088235294,-1,-4,0.043358644,-2,-3,1,-1,-3,0.666666667,-2,0.535714286,-1,-1,0.333333333,-1,0,-1,-1,1,0
-3,0.647058824,-1,-4,0.543468692,-3,-2,0.333333333,-1,-1,0.333333333,-3,0.446428571,-2,-2,0,-1,0,-2,-1,1,1
-3,0.029411765,-2,-3,0.071145593,-4,-2,1,-3,-1,0.333333333,-1,0.25,-1,-1,0,-1,0,-2,-1,1,0
-3,0.382352941,-2,-5,0.250962914,-1,-3,0.333333333,-2,-1,1,-2,0.089285714,-3,-3,0,-2,0,-2,-1,0,0
-1,0.117647059,-2,-1,0.026246286,-5,-5,1,-4,-1,0.666666667,-3,0.25,-1,-1,0,-2,0,-1,-1,1,1
-2,0.058823529,-2,-3,0.054308353,-2,-2,0.666666667,-2,-1,1,-1,0.089285714,-1,-1,0,-1,0,-2,-1,0,1
-2,0.073529412,-2,-4,0.001430615,-2,-2,1,-4,-1,1,-1,0.053571429,-1,-3,0,-2,0,-2,-1,0,0
-2,0.647058824,-2,-9,0.2823264,-1,-4,0.666666667,-1,-1,1,-3,0.375,-2,-2,0,-4,0,-1,-1,1,0
-3,0.294117647,-2,-3,0.289479476,-5,-2,1,-1,-1,0,-4,0.107142857,-3,-1,0,-1,0,-2,-1,1,0
-4,0.294117647,-2,-3,0.192527787,-2,-5,0.333333333,-2,-1,1,-4,0.125,-1,-1,0,-1,0,-2,-1,1,0
-2,0.117647059,-2,-4,0.023935292,-2,-3,0.333333333,-4,-1,0.666666667,-4,0.107142857,-2,-1,0,-2,0,-2,-1,1,1
-4,0,-2,-4,0.068449433,-1,-5,0,-1,-1,0.333333333,-1,0.178571429,-1,-1,0,-2,1,-2,-2,1,0
-1,0.470588235,-5,-3,0.137339056,-2,-1,1,-1,-1,1,-4,0.214285714,-2,-1,0,-1,0,-2,-1,1,1
-1,0.117647059,-2,-3,0.025200836,-2,-2,0.333333333,-1,-2,0.666666667,-2,0.339285714,-1,-1,0,-2,1,-2,-1,1,0
-2,0.294117647,-2,-3,0.22565203,-1,-2,0,-2,-1,1,-2,0.517857143,-1,-1,0,-2,0,-1,-1,1,0
-3,0.117647059,-1,-2,0.024815671,-2,-2,1,-1,-1,0.333333333,-4,0.232142857,-1,-1,0.333333333,-1,0,-2,-1,1,0
-1,0.161764706,-3,-3,0.186695279,-2,-1,0,-2,-1,1,-2,0.142857143,-1,-1,0.333333333,-2,0,-2,-1,1,0
-2,0.382352941,-1,-4,0.220039617,-2,-4,1,-4,-1,0.333333333,-4,0.160714286,-1,-1,0.333333333,-3,0,-2,-1,1,1
-1,0.294117647,-2,-1,0.092879938,-2,-5,1,-3,-1,0.666666667,-2,0.232142857,-1,-1,0,-1,0,-2,-1,1,1
-1,0.294117647,-2,-5,0.146362936,-2,-3,0.333333333,-1,-1,0,-3,0.267857143,-1,-2,0,-3,0,-1,-1,1,0
-1,0.205882353,-2,-3,0.132551997,-4,-2,1,-1,-1,0.333333333,-4,0.160714286,-1,-1,0,-1,0,-2,-1,1,0
-3,0.205882353,-1,-4,0.042808408,-2,-2,1,-2,-1,0.666666667,-1,0.303571429,-1,-1,0.333333333,-1,0,-2,-1,1,0
-1,0.058823529,-1,-4,0.173214482,-2,-3,0,-1,-1,1,-1,0.357142857,-1,-1,0.333333333,-2,0,-2,-2,1,0
-3,0.117647059,-1,-3,0.305436338,-1,-1,0.333333333,-1,-1,1,-2,0.535714286,-1,-3,0,-1,0,-1,-1,1,0
-3,0.294117647,-2,-4,0.070155167,-4,-3,1,-2,-1,0.666666667,-4,0.267857143,-1,-1,0,-1,1,-1,-1,1,0
-4,0.470588235,-2,-1,0.232364917,-2,-1,1,-1,-1,0.333333333,-4,0.214285714,-1,-1,0,-1,0,-2,-1,1,0
-2,0.029411765,-2,-1,0.045009354,-2,-1,1,-1,-1,1,-4,0.160714286,-1,-1,0,-1,1,-2,-1,1,0
-1,0.294117647,-1,-5,0.350225597,-2,-4,0.333333333,-1,-1,1,-3,1,-1,-2,0.333333333,-3,0,-1,-1,1,0
-3,0.205882353,-1,-2,0.088808188,-5,-2,1,-2,-1,0.333333333,-1,0.196428571,-1,-1,0.333333333,-1,0,-2,-1,1,1
-2,0.823529412,-2,-4,0.39385936,-5,-5,1,-2,-1,0.333333333,-2,0.089285714,-1,-1,0,-3,0,-2,-1,0,1
-3,0.647058824,-1,-5,0.623968306,-5,-2,0.333333333,-2,-1,1,-4,0.089285714,-2,-3,0.333333333,-2,0,-2,-1,0,1
-1,0.294117647,-4,-3,0.212391328,-2,-1,0.666666667,-1,-1,1,-3,0.071428571,-2,-3,0.333333333,-1,1,-2,-1,0,1
-1,0.029411765,-1,-3,0.172444151,-2,-2,0,-3,-1,1,-1,0.446428571,-1,-3,0,-3,0,-1,-1,1,1
-2,0.132352941,-2,-1,0.101848795,-2,-5,0.333333333,-2,-2,1,-2,0.071428571,-1,-1,0,-2,0,-2,-1,0,0
-1,0.161764706,-2,-7,0.056399252,-1,-2,1,-2,-1,0.333333333,-4,0.089285714,-1,-3,0,-1,0,-2,-1,0,1
-1,0.294117647,-2,-3,0.215637724,-2,-2,1,-1,-1,1,-2,0.160714286,-1,-1,0,-1,0,-2,-1,1,0
-2,0.088235294,-2,-3,0.069935072,-2,-2,1,-3,-1,0.333333333,-4,0.214285714,-1,-1,0,-2,0,-2,-1,1,0
-2,0.294117647,-1,-2,0.302244965,-2,-5,0.333333333,-2,-1,1,-3,0.089285714,-1,-2,0.333333333,-1,0,-1,-1,0,0
-1,0.25,-2,-3,0.184274238,-2,-3,0,-2,-1,1,-4,0.125,-1,-3,0,-2,0,-2,-1,1,0
-2,0.205882353,-2,-1,0.163035105,-3,-5,0,-4,-1,0.666666667,-1,0.107142857,-1,-3,0,-1,0,-2,-1,1,0
-2,0.205882353,-2,-6,0.230494112,-2,-1,0,-1,-3,0,-1,0.25,-2,-1,0,-3,0,-1,-1,1,0
-4,0.088235294,-2,-4,0.203532519,-2,-5,0,-1,-2,0,-2,0.321428571,-1,-1,0,-2,1,-2,-1,1,0
-3,0.161764706,-1,-1,0.066523605,-2,-2,1,-2,-1,0.333333333,-4,0.428571429,-1,-1,0,-2,0,-2,-1,1,0
-2,0.132352941,-1,-1,0.034774953,-2,-5,1,-1,-2,1,-1,0.071428571,-1,-1,0.333333333,-1,0,-2,-1,0,0
-2,0.294117647,-2,-1,0.193023,-3,-4,0,-2,-1,1,-3,0.071428571,-1,-3,0,-4,0,-2,-1,0,0
-3,0.029411765,-3,-6,0.082150325,-5,-2,0,-1,-1,0.333333333,-1,0.267857143,-1,-1,0.333333333,-2,0,-2,-1,1,0
-2,0.073529412,-1,-2,0.048750963,-4,-1,1,-1,-1,0.666666667,-3,0.232142857,-1,-2,0.333333333,-1,1,-2,-1,1,1
-3,0.073529412,-2,-7,0.054253329,-2,-5,0,-2,-1,1,-1,0.071428571,-1,-3,0,-1,0,-1,-1,0,0
-2,0.073529412,-2,-3,0.039011775,-2,-2,0,-2,-1,0.333333333,-4,0.178571429,-1,-1,0,-1,0,-2,-2,1,1
-3,0.205882353,-1,-5,0.163915484,-1,-4,0.333333333,-1,-1,1,-3,0.339285714,-1,-1,0,-3,0,-1,-1,1,0
-1,0.117647059,-4,-1,0.327335754,-2,-2,1,-1,-1,0.333333333,-2,0.160714286,-1,-3,0.333333333,-1,0,-1,-1,1,1
-3,0.088235294,-2,-2,0.026246286,-3,-1,1,-1,-1,1,-3,0.482142857,-1,-2,0,-1,0,-1,-1,1,0
-2,0.294117647,-2,-4,0.054803566,-2,-5,1,-1,-1,0.333333333,-1,0.071428571,-3,-1,0,-2,0,-2,-1,0,1
-3,0.117647059,-1,-1,0.114504237,-1,-1,0,-1,-3,1,-1,0.535714286,-1,-1,0,-1,0,-1,-1,1,0
-3,0.470588235,-3,-1,0.23181468,-2,-2,1,-1,-1,0.333333333,-4,0.125,-1,-1,0.333333333,-3,0,-1,-1,1,1
-3,0.117647059,-2,-1,0.028942445,-2,-2,1,-4,-1,0.333333333,-1,0.160714286,-1,-1,0,-1,0,-2,-1,1,0
-1,0.382352941,-2,-3,0.118631011,-2,-3,1,-2,-1,1,-1,0.071428571,-1,-3,0,-1,0,-2,-1,0,1
-2,0.205882353,-2,-2,0.0544184,-1,-2,1,-1,-1,1,-3,0.75,-1,-2,0,-1,0,-2,-1,1,0
-4,0.117647059,-2,-1,0.173269506,-1,-1,0.333333333,-1,-1,0.666666667,-4,0.321428571,-1,-1,0,-3,0,-2,-1,1,0
-4,0.117647059,-3,-4,0.109882249,-2,-2,0.333333333,-2,-1,0.333333333,-4,0.303571429,-3,-1,0.333333333,-1,0,-1,-1,1,0
-3,0.029411765,-2,-3,0.083415869,-2,-2,0,-4,-1,0.333333333,-2,0.035714286,-1,-3,0,-1,0,-2,-1,0,0
-1,0.205882353,-2,-3,0.122317597,-2,-4,1,-1,-1,0,-4,0.107142857,-1,-1,0,-4,0,-2,-1,1,1
-3,0.117647059,-2,-6,0.071090569,-2,-3,0.333333333,-1,-1,1,-4,0.303571429,-1,-1,0,-1,0,-1,-1,1,0
-3,0.205882353,-1,-5,0.198085177,-2,-3,0.666666667,-1,-1,0,-4,0.142857143,-1,-1,0.333333333,-1,0,-2,-1,1,0
-1,0.205882353,-2,-3,0.187080445,-2,-5,0,-2,-1,1,-4,0.053571429,-1,-3,0,-1,0,-2,-1,0,0
-1,0.470588235,-2,-3,0.175855618,-2,-1,1,-1,-1,0.333333333,-4,0.410714286,-1,-1,0,-1,1,-2,-1,1,1
-2,0.205882353,-2,-3,0.151370089,-2,-3,0.333333333,-2,-1,1,-1,0.375,-1,-3,0,-1,0,-2,-1,1,0
-3,0.470588235,-2,-4,0.155661935,-1,-2,1,-1,-1,1,-1,0.303571429,-1,-1,0,-1,0,-2,-1,1,0
-3,0.205882353,-1,-1,0.320237702,-2,-1,0.666666667,-1,-1,1,-4,0.25,-1,-1,0.333333333,-1,0,-1,-1,1,0
-3,0.088235294,-1,-3,0.10432486,-2,-5,0,-2,-1,0.666666667,-1,0.071428571,-1,-3,0.333333333,-1,0,-2,-1,0,0
-3,0.823529412,-1,-4,0.743149554,-1,-1,0.333333333,-1,-1,1,-3,0.785714286,-2,-2,0,-3,0,-1,-1,1,0
-2,0.823529412,-5,-9,0.79960383,-5,-1,0.666666667,-2,-1,1,-3,0.732142857,-2,-2,0.333333333,-3,0,-1,-1,1,1
-1,0.647058824,-5,-6,0.409100913,-2,-3,0.333333333,-2,-2,1,-4,0.321428571,-1,-3,0,-1,0,-2,-1,1,1
-3,0.205882353,-3,-1,0.113898977,-2,-4,0.333333333,-4,-1,0.666666667,-1,0.267857143,-1,-1,0.333333333,-1,0,-2,-1,1,0
-3,0.044117647,-3,-1,0.032794101,-1,-1,0.666666667,-1,-1,1,-3,0.303571429,-1,-2,0,-1,0,-2,-1,1,0
-2,0.470588235,-2,-4,0.774072851,-2,-1,1,-1,-1,0.333333333,-3,0.678571429,-1,-2,0,-3,0,-1,-1,1,1
-3,0.029411765,-1,-4,0.00616265,-5,-2,1,-2,-1,1,-4,0.589285714,-1,-1,0.333333333,-2,0,-2,-1,1,0
-1,0.235294118,-2,-3,0.107956421,-1,-3,1,-1,-1,1,-4,0.357142857,-1,-1,0,-1,0,-1,-1,1,0
-2,0.205882353,-2,-5,0.700231099,-2,-4,0.666666667,-2,-1,1,-3,0.339285714,-1,-2,0,-3,0,-1,-1,1,1
-3,0.264705882,-2,-4,0.056839441,-1,-3,1,-2,-1,1,-2,0.107142857,-1,-3,0,-1,0,-2,-1,1,0
-4,0.117647059,-2,-4,0.059425553,-2,-5,1,-1,-1,0,-1,0.125,-1,-1,0,-1,0,-2,-1,1,0
-3,0.382352941,-3,-6,0.221305161,-5,-2,0.333333333,-1,-1,0.333333333,-2,0.125,-1,-1,0.333333333,-2,0,-2,-1,1,0
-3,0.205882353,-1,-1,0.109387036,-2,-2,0.333333333,-2,-1,0,-4,0.107142857,-1,-1,0.333333333,-1,0,-2,-1,1,0
-3,0.205882353,-2,-1,0.048200726,-1,-5,1,-2,-1,0.333333333,-1,0.035714286,-1,-3,0,-1,0,-1,-1,0,0
-2,0.205882353,-1,-3,0.391988555,-2,-4,1,-1,-1,1,-2,0.375,-3,-1,0.333333333,-3,0,-1,-1,1,0
-2,0.161764706,-1,-6,0.114229119,-3,-2,0.333333333,-1,-1,1,-4,0.142857143,-2,-1,0,-1,0,-2,-1,1,0
-3,0.073529412,-2,-6,0.065973369,-2,-3,0.666666667,-2,-1,0.333333333,-4,0.142857143,-1,-1,0.333333333,-1,0,-2,-1,1,0
-3,0.205882353,-2,-4,0.086387146,-2,-2,0.333333333,-4,-1,0.333333333,-2,0.196428571,-1,-1,0,-3,0,-1,-1,1,0
-2,0.117647059,-2,-3,0.040332343,-4,-5,0,-2,-1,1,-1,0,-1,-3,0,-2,0,-2,-1,0,0
-1,0.470588235,-2,-4,0.165015957,-2,-3,0.333333333,-1,-1,1,-3,0.357142857,-2,-2,0,-3,1,-1,-1,1,0
-1,0.029411765,-1,-1,0.093925388,-2,-3,0,-2,-1,1,-4,0.214285714,-1,-1,0,-1,0,-2,-1,1,0
-3,0.073529412,-1,-3,0.118631011,-2,-4,0.333333333,-1,-1,0.666666667,-4,0.214285714,-1,-1,0,-3,0,-2,-1,1,0
-2,0.514705882,-3,-2,0.633322329,-5,-3,0.333333333,-1,-1,0.666666667,-3,0.232142857,-1,-3,0,-1,0,-1,-1,1,0
-1,0.117647059,-2,-3,0.128095081,-2,-4,0.666666667,-2,-1,1,-3,0.642857143,-1,-2,0,-3,0,-2,-1,1,0
-1,0.470588235,-1,-3,0.115439639,-2,-2,0.666666667,-4,-1,0.333333333,-2,0.482142857,-1,-1,0.333333333,-1,0,-1,-1,1,0
-2,0.117647059,-2,-4,0.053538021,-2,-1,0,-3,-1,0,-1,0.482142857,-1,-3,0.333333333,-1,0,-2,-1,1,1
-3,0.294117647,-1,-1,0.069659954,-4,-2,1,-2,-1,0,-1,0.428571429,-1,-1,0.333333333,-2,0,-2,-1,1,0
-3,0.205882353,-2,-1,0.067293936,-2,-5,0.666666667,-4,-1,1,-1,0.357142857,-1,-1,0,-1,0,-1,-1,1,0
-2,0.205882353,-1,-6,0.090073732,-1,-2,1,-4,-1,1,-1,0.160714286,-2,-1,0.333333333,-1,0,-2,-1,1,0
-3,0.294117647,-3,-6,0.462088698,-2,-5,0.333333333,-1,-1,0.333333333,-4,0.142857143,-2,-1,0.333333333,-1,0,-1,-1,1,1
-3,0.147058824,-3,-4,0.03037306,-2,-2,1,-1,-1,0.333333333,-4,0.142857143,-1,-1,0.333333333,-2,0,-2,-1,1,0
-2,0.205882353,-3,-4,0.145757676,-1,-1,1,-1,-1,1,-4,0.428571429,-1,-1,0,-1,1,-2,-1,1,0
-2,0.294117647,-2,-1,0.098437328,-2,-5,0,-4,-1,0,-2,0.053571429,-1,-1,0,-1,0,-1,-1,0,1
-3,0.294117647,-1,-5,0.107131066,-1,-3,1,-1,-1,1,-4,0.428571429,-1,-1,0.333333333,-1,1,-1,-1,1,0
-1,0.161764706,-2,-1,0.044183999,-2,-5,1,-4,-1,0.333333333,-1,0.142857143,-1,-1,0,-1,0,-2,-2,1,0
-3,0.294117647,-2,-1,0.164245626,-3,-1,0.666666667,-3,-1,0.333333333,-4,0.125,-1,-1,0,-3,0,-1,-1,1,0
-4,0.117647059,-1,-4,0.037911302,-3,-3,1,-4,-1,0.333333333,-1,0.160714286,-1,-1,0.666666667,-1,0,-1,-1,1,1
-2,0.294117647,-2,-1,0.094475625,-2,-1,1,-2,-1,1,-4,0.017857143,-1,-1,0,-1,0,-1,-1,0,0
-3,0.426470588,-1,-5,0.385330692,-2,-3,0.666666667,-1,-1,0.333333333,-4,0.285714286,-1,-1,0.333333333,-3,0,-1,-1,1,0
-3,0.117647059,-1,-6,0.112358314,-2,-4,1,-1,-1,0.333333333,-4,0.410714286,-3,-1,0.333333333,-3,0,-1,-1,1,1
-3,0.088235294,-2,-4,0.07411687,-3,-2,0.666666667,-1,-1,0.333333333,-3,0.375,-1,-3,0,-2,1,-2,-2,1,0
-1,0.294117647,-2,-4,0.06223176,-1,-2,1,-2,-1,0.333333333,-2,0.285714286,-1,-1,0,-1,0,-2,-1,1,1
-3,0.470588235,-1,-5,0.307692308,-2,-1,0.333333333,-1,-1,0.333333333,-2,0.285714286,-1,-1,0.333333333,-1,1,-1,-1,1,0
-1,0.117647059,-2,-4,0.128150105,-2,-5,1,-1,-1,0,-1,0.25,-1,-1,0,-2,1,-2,-1,1,1
-1,0.205882353,-3,-2,0.45234951,-1,-2,0,-2,-1,0.333333333,-4,0.071428571,-1,-3,0.333333333,-1,0,-1,-1,0,0
-3,0.25,-2,-4,0.139319908,-3,-3,0,-2,-1,0.333333333,-4,0.214285714,-2,-1,0,-3,0,-2,-1,1,0
-2,0.205882353,-2,-4,0.043578739,-1,-2,1,-2,-1,0.333333333,-2,0.25,-1,-1,0,-1,0,-2,-1,1,1
-3,0.161764706,-2,-4,0.161549466,-4,-3,0.333333333,-2,-1,0.666666667,-4,0.017857143,-1,-3,0,-1,0,-2,-1,0,0
-2,0.117647059,-2,-5,0.097832068,-1,-2,1,-1,-1,0.333333333,-4,0.196428571,-1,-1,0,-1,0,-2,-1,1,0
-2,0.117647059,-1,-4,0.038956751,-2,-3,0.333333333,-1,-1,0.666666667,-1,0.5,-1,-1,0.333333333,-2,1,-2,-1,1,0
-3,0.25,-3,-3,0.073786728,-5,-3,1,-1,-1,0.666666667,-1,0.267857143,-1,-1,0.333333333,-3,0,-2,-1,1,0
-2,0.117647059,-2,-3,0.138219434,-1,-1,0,-2,-1,0.333333333,-2,0.107142857,-2,-1,0,-1,0,-1,-1,1,1
-2,0.205882353,-2,-5,0.139154837,-2,-2,0,-4,-1,0.666666667,-4,0.035714286,-1,-3,0,-1,0,-1,-1,0,0
-3,0.352941176,-1,-1,0.137173985,-2,-1,1,-1,-1,0.333333333,-4,0.178571429,-1,-1,0.333333333,-1,0,-2,-1,1,0
-3,0.205882353,-1,-1,0.04946627,-4,-2,1,-1,-1,0.666666667,-1,0.482142857,-1,-1,0.333333333,-1,0,-2,-1,1,0
-3,0.073529412,-2,-3,0.058490151,-2,-1,0,-1,-1,1,-4,0.017857143,-1,-1,0,-1,0,-2,-1,0,0
-1,0.205882353,-1,-8,0.051722241,-2,-4,0.333333333,-2,-1,1,-3,0.642857143,-1,-2,0.666666667,-4,1,-2,-1,1,1
-3,0.014705882,-2,-6,0.175965665,-2,-3,0,-1,-1,1,-1,0.982142857,-1,-1,0,-2,0,-2,-1,1,0
-2,0.294117647,-2,-9,0.609552107,-2,-2,0.333333333,-1,-3,0.666666667,-4,0.178571429,-2,-1,0.333333333,-3,0,-1,-1,1,1
-1,0.029411765,-1,-3,0.089248377,-2,-4,1,-1,-1,1,-3,0.303571429,-1,-2,0.666666667,-3,0,-1,-1,1,0
-3,0.294117647,-1,-8,0.099482778,-2,-2,1,-3,-1,0.333333333,-1,0.25,-1,-1,0.333333333,-1,0,-1,-1,1,0
-1,0.073529412,-2,-3,0.103774623,-2,-2,0.666666667,-1,-1,0.333333333,-1,0.107142857,-1,-1,0,-1,0,-2,-1,1,0
-2,0.117647059,-2,-1,0.067899197,-1,-2,0.333333333,-4,-1,0,-1,0.107142857,-1,-1,0,-1,0,-1,-1,1,1
-3,0.029411765,-2,-8,0.022559701,-3,-3,0.333333333,-4,-1,1,-1,0.071428571,-1,-3,0,-2,0,-2,-1,0,0
-3,0.294117647,-1,-4,0.057059536,-4,-1,1,-2,-1,1,-1,0.321428571,-1,-1,0.333333333,-1,0,-1,-1,1,0
-1,0.558823529,-1,-8,0.172994388,-2,-4,1,-1,-3,1,-4,0.821428571,-1,-1,0.333333333,-4,0,-2,-1,1,0
-4,0.117647059,-5,-6,0.019753494,-2,-5,1,-2,-1,0,-1,0.125,-1,-1,0,-4,0,-2,-1,1,1
-3,0.117647059,-2,-4,0.089908661,-2,-1,1,-1,-1,1,-4,0.357142857,-1,-1,0,-3,0,-1,-1,1,0
-1,0.117647059,-2,-3,0.075382414,-2,-2,0.333333333,-2,-3,0.666666667,-2,0.196428571,-1,-1,0,-1,0,-2,-1,1,0
-2,0.235294118,-3,-9,0.130901288,-2,-2,0.333333333,-1,-1,0.666666667,-4,0.178571429,-2,-1,0.333333333,-1,0,-1,-1,1,0
-3,0.117647059,-2,-2,0.025806097,-2,-1,1,-1,-1,1,-4,0.392857143,-2,-1,0,-2,1,-2,-1,1,1
-2,0.647058824,-1,-3,0.266644657,-2,-2,0.333333333,-2,-1,0.666666667,-4,0.196428571,-1,-1,0,-3,0,-1,-1,1,1
-3,0.073529412,-1,-2,0.054693518,-1,-1,1,-2,-1,1,-2,0.392857143,-1,-3,0.333333333,-2,0,-2,-1,1,0
-1,0.470588235,-2,-4,0.087597667,-2,-5,1,-2,-1,1,-4,0.267857143,-1,-1,0,-1,0,-1,-1,1,1
-2,0.044117647,-2,-1,0.127985034,-2,-2,0.333333333,-1,-2,0.333333333,-1,0.285714286,-1,-1,0,-1,0,-2,-1,1,0
-4,0.117647059,-2,-3,0.064597777,-1,-1,0.666666667,-2,-1,1,-1,0.642857143,-1,-1,0,-3,0,-1,-1,1,0
-2,0.161764706,-3,-8,0.069439859,-4,-2,0.666666667,-4,-1,0.666666667,-2,0.75,-3,-1,0.333333333,-1,0,-2,-1,1,1
-3,0.470588235,-1,-5,0.594475625,-1,-2,1,-1,-1,0.333333333,-4,0.196428571,-1,-1,0,-3,0,-1,-1,1,0
-3,0.029411765,-2,-1,0.014746341,-2,-2,0.666666667,-2,-1,0,-1,0.178571429,-1,-1,0,-1,0,-2,-1,1,0
-3,0.117647059,-4,-3,0.138054363,-2,-1,0.333333333,-1,-1,1,-2,0.267857143,-1,-1,0.333333333,-1,0,-2,-1,1,0
-3,0.294117647,-2,-5,0.133157258,-2,-1,1,-1,-1,1,-4,0.285714286,-1,-1,0,-3,0,-1,-1,1,0
-1,0.294117647,-2,-4,0.251293056,-2,-3,0.333333333,-1,-3,0.666666667,-2,0.214285714,-1,-1,0,-1,0,-1,-1,1,1
-3,0.294117647,-2,-5,0.133652471,-2,-5,1,-2,-1,0,-3,0.178571429,-1,-1,0,-3,0,-1,-1,1,0
-1,0.102941176,-1,-4,0.201111478,-2,-2,0.333333333,-1,-1,0.333333333,-1,0.303571429,-1,-3,0.333333333,-1,1,-2,-1,1,0
-1,0.117647059,-2,-5,0.172554198,-2,-1,0.666666667,-1,-1,1,-3,0.285714286,-1,-2,0,-1,0,-1,-1,1,1
-1,0.029411765,-2,-7,0.0051172,-2,-5,1,-2,-1,0,-1,0.142857143,-1,-1,0,-1,0,-2,-1,1,0
-3,0.205882353,-2,-1,0.23902278,-2,-5,0.666666667,-1,-1,0.333333333,-4,0.232142857,-1,-1,0,-1,0,-1,-1,1,0
-1,0.470588235,-2,-3,0.185429735,-2,-2,0,-1,-2,0.333333333,-2,0.321428571,-1,-1,0,-1,1,-2,-1,1,0
-1,0.161764706,-2,-4,0.080939804,-2,-5,0.333333333,-1,-1,0.666666667,-1,0.303571429,-1,-1,0,-1,0,-2,-1,1,0
-2,0.117647059,-2,-3,0.152250468,-2,-5,0.666666667,-2,-1,0,-1,0.267857143,-1,-3,0,-3,0,-2,-1,1,0
-2,0.117647059,-2,-10,0.027731925,-1,-1,1,-1,-1,1,-2,0.339285714,-1,-1,0.333333333,-1,0,-2,-1,1,0
-3,0.205882353,-2,-6,0.093540222,-2,-3,1,-1,-1,0,-4,0.267857143,-3,-1,0.333333333,-1,0,-1,-1,1,0
-1,0.294117647,-2,-5,0.147133267,-2,-2,0.666666667,-1,-2,1,-3,0.785714286,-2,-1,0,-1,1,-1,-1,1,0
-1,0.294117647,-3,-1,0.077528337,-2,-5,1,-2,-1,0.333333333,-4,0.178571429,-1,-3,0,-2,0,-1,-1,1,1
-3,0.647058824,-3,-1,0.384505337,-1,-1,0.666666667,-1,-1,0.666666667,-4,0.232142857,-2,-1,0.333333333,-1,1,-2,-1,1,0
-3,0.426470588,-3,-6,0.138329482,-2,-2,0.333333333,-2,-1,0.333333333,-4,0.125,-1,-1,0.333333333,-1,0,-1,-1,1,0
-3,0.294117647,-3,-5,0.243699791,-2,-3,0.666666667,-1,-1,0.666666667,-4,0.285714286,-1,-1,0.333333333,-2,0,-1,-1,1,0
-2,0.294117647,-2,-1,0.156377242,-5,-5,0.666666667,-4,-1,0.333333333,-4,0.053571429,-1,-3,0,-1,0,-1,-1,0,1
-1,0.029411765,-2,-2,0.010894685,-2,-5,1,-2,-1,1,-2,0.071428571,-1,-1,0,-1,0,-2,-1,0,1
-1,0.073529412,-2,-4,0.022229559,-2,-2,1,-1,-1,0.666666667,-4,0.160714286,-1,-1,0,-2,0,-2,-1,1,1
-3,0.029411765,-2,-10,0.054363376,-1,-4,1,-1,-1,1,-2,0.303571429,-1,-1,0,-3,1,-1,-1,1,0
-2,0.205882353,-1,-1,0.054748542,-2,-2,1,-4,-1,0.333333333,-4,0.25,-1,-1,0,-1,0,-2,-1,1,1
-1,0.205882353,-4,-3,0.157587763,-2,-5,0,-2,-1,1,-2,0.125,-1,-3,0,-1,0,-2,-1,1,1
-3,0.514705882,-2,-5,0.127599868,-3,-2,1,-1,-1,1,-4,0.089285714,-1,-1,0,-1,0,-2,-1,0,0
-4,0.294117647,-2,-1,0.269725982,-2,-3,1,-1,-1,0.333333333,-4,0.107142857,-2,-1,0,-1,0,-2,-1,1,0
-2,0.117647059,-2,-6,0.043303621,-5,-3,0.666666667,-1,-1,1,-1,0.357142857,-1,-1,0,-2,0,-2,-1,1,0
-1,0.161764706,-1,-3,0.067569055,-2,-1,1,-1,-1,1,-4,0.446428571,-1,-1,0.333333333,-1,1,-1,-1,1,0
-2,0.117647059,-1,-1,0.182843623,-2,-2,0,-2,-1,0,-1,0.071428571,-1,-1,0,-2,0,-2,-1,0,0
-2,0.294117647,-2,-4,0.052327501,-2,-5,1,-1,-1,0,-2,0.125,-1,-1,0,-1,0,-2,-1,1,0
-1,0.382352941,-2,-3,0.185539782,-4,-1,1,-2,-1,1,-2,0.678571429,-1,-3,0.333333333,-1,0,-1,-1,1,0
-3,0.161764706,-3,-3,0.039066799,-4,-3,0.666666667,-2,-1,0.333333333,-2,0.196428571,-1,-1,0.333333333,-1,0,-2,-1,1,0
-3,0.117647059,-1,-4,0.050236602,-3,-2,1,-1,-1,1,-1,0.446428571,-1,-1,0,-1,0,-1,-1,1,0
-2,0.029411765,-3,-4,0.05276769,-2,-4,1,-1,-1,1,-2,0.5,-1,-1,0,-3,0,-1,-1,1,1
-3,0.117647059,-2,-1,0.155551887,-2,-2,0.333333333,-1,-1,1,-4,0.589285714,-1,-1,0,-1,0,-1,-1,1,0
-3,0.294117647,-2,-4,0.192967976,-2,-1,1,-2,-3,1,-3,0.767857143,-1,-2,0,-1,0,-1,-1,1,0
-3,0.088235294,-2,-4,0.064267635,-5,-2,0.666666667,-1,-1,0.333333333,-1,0.285714286,-1,-3,0,-2,0,-2,-2,1,0
-3,0.029411765,-2,-4,0.179817321,-2,-2,0.333333333,-1,-2,0.666666667,-2,0.125,-1,-3,0,-1,0,-2,-1,1,0
-3,0.117647059,-1,-1,0.092659844,-2,-1,0.333333333,-1,-1,0.333333333,-3,0.125,-1,-1,0.333333333,-1,0,-2,-1,1,0
-2,0.338235294,-4,-6,0.44393089,-2,-1,0.333333333,-2,-1,1,-3,0.410714286,-1,-2,0.333333333,-3,0,-1,-1,1,1
-3,0.029411765,-1,-1,0.054308353,-5,-2,0,-2,-1,0,-2,0.142857143,-1,-1,0.333333333,-1,0,-2,-1,1,0
-2,0.029411765,-2,-1,0.006492792,-1,-1,1,-1,-1,1,-2,0.339285714,-1,-1,0,-1,0,-2,-1,1,0
-1,0.117647059,-1,-4,0.103004292,-2,-2,0.666666667,-1,-1,0.333333333,-1,0.357142857,-1,-3,0.333333333,-2,1,-2,-2,1,0
-1,0.294117647,-2,-3,0.151094971,-1,-2,0.333333333,-4,-1,1,-4,0.017857143,-1,-1,0,-1,0,-2,-1,0,1
-2,0.470588235,-2,-3,0.483327831,-5,-5,1,-1,-3,0,-3,0.178571429,-1,-3,0,-3,0,-1,-1,1,1
-3,0.294117647,-1,-3,0.073456586,-2,-3,1,-1,-1,0.666666667,-2,0.375,-1,-1,0.333333333,-1,0,-2,-1,1,0
-2,0.205882353,-2,-1,0.057829867,-2,-1,1,-4,-2,0.333333333,-1,0.232142857,-1,-1,0,-2,0,-2,-1,1,0
-4,0.029411765,-1,-4,0.059040387,-5,-1,0.333333333,-3,-1,1,-4,0.160714286,-1,-1,0.333333333,-1,1,-1,-1,1,0
-1,0.294117647,-2,-4,0.158082976,-2,-5,1,-2,-1,0,-2,0.142857143,-1,-1,0,-1,0,-2,-1,1,1
-1,0.470588235,-2,-5,0.28848905,-2,-1,0.333333333,-1,-1,1,-3,0.410714286,-1,-2,0,-1,1,-2,-1,1,0
-4,0.073529412,-2,-1,0.048200726,-5,-1,0.333333333,-3,-1,1,-1,0.535714286,-1,-1,0,-1,0,-2,-1,1,0
-2,0.294117647,-1,-1,0.053152856,-5,-5,1,-1,-1,1,-3,0.339285714,-2,-1,0.333333333,-1,1,-2,-1,1,1
-1,0.294117647,-2,-4,0.052657643,-2,-5,1,-2,-1,1,-2,0.089285714,-1,-3,0,-1,0,-2,-1,0,1
-3,0.088235294,-2,-4,0.058270056,-1,-2,1,-1,-2,1,-2,0.142857143,-1,-1,0,-2,0,-2,-1,1,1
-4,0.161764706,-1,-5,0.116099923,-3,-2,0.333333333,-1,-1,0.333333333,-4,0.303571429,-1,-1,0,-1,0,-1,-1,1,0
-2,0.161764706,-5,-4,0.363156157,-5,-4,0,-1,-1,0.333333333,-2,0.267857143,-1,-1,0,-3,1,-1,-1,1,1
-3,0.294117647,-2,-1,0.063992517,-2,-2,1,-4,-1,0.333333333,-2,0.160714286,-1,-1,0,-1,0,-2,-1,1,0
-3,0.514705882,-2,-5,0.458787279,-5,-1,1,-1,-1,0.333333333,-4,0.464285714,-1,-1,0,-3,0,-1,-1,1,0
-1,0.117647059,-2,-4,0.028007043,-2,-3,1,-1,-1,0.333333333,-1,0.125,-1,-1,0,-1,0,-2,-1,1,1
-3,0.470588235,-2,-5,0.244084957,-2,-2,0.333333333,-1,-1,0.333333333,-3,0.232142857,-1,-2,0,-3,0,-1,-1,1,0
-4,0.161764706,-2,-6,0.13409266,-2,-3,0.333333333,-1,-1,1,-2,0.125,-1,-3,0,-1,0,-1,-1,1,0
-2,0.117647059,-3,-1,0.018432926,-2,-2,1,-4,-3,1,-1,0.017857143,-1,-3,0.333333333,-1,0,-2,-1,0,0
-3,0.294117647,-2,-4,0.110322439,-1,-5,1,-1,-1,0,-2,0.625,-1,-1,0,-1,0,-2,-1,1,0
-1,0.029411765,-1,-4,0.019753494,-2,-3,1,-2,-1,0.666666667,-2,0.321428571,-1,-1,0.333333333,-1,0,-2,-2,1,0
-1,0.029411765,-1,-4,0.061131286,-2,-5,0.333333333,-1,-1,1,-1,0.375,-1,-1,0,-2,1,-2,-2,1,0
-3,0.470588235,-1,-3,0.378397711,-2,-5,0.333333333,-2,-1,1,-2,0.071428571,-1,-3,0.333333333,-1,0,-1,-1,0,1
-1,0.029411765,-2,-4,0.052437548,-5,-1,0.666666667,-1,-1,0.333333333,-2,0.428571429,-1,-1,0,-1,0,-1,-1,1,0
-3,0.029411765,-1,-1,0.024760647,-1,-1,1,-1,-1,1,-3,0.303571429,-1,-2,0.333333333,-1,0,-2,-1,1,0
-3,0.294117647,-1,-8,0.289259382,-2,-1,0.666666667,-1,-1,1,-3,0.446428571,-1,-2,0.333333333,-1,0,-2,-1,1,0
-1,0.205882353,-2,-1,0.161769561,-2,-2,0.333333333,-2,-1,0.333333333,-1,0.089285714,-1,-1,0,-1,0,-2,-1,0,1
-1,0.647058824,-4,-3,0.377957522,-2,-2,0.666666667,-1,-1,1,-3,0.607142857,-1,-2,0.333333333,-1,1,-2,-1,1,1
-3,0.294117647,-2,-5,0.178166612,-5,-3,0.666666667,-2,-1,1,-4,0.071428571,-1,-1,0,-1,0,-2,-1,0,0
-2,0.205882353,-2,-1,0.047485419,-2,-2,1,-2,-2,1,-1,0.125,-1,-1,0,-2,1,-2,-1,1,0
-2,0.323529412,-2,-5,0.424562562,-2,-5,0.333333333,-1,-1,0.666666667,-4,0.196428571,-1,-1,0.333333333,-1,0,-2,-1,1,0
-3,0.161764706,-1,-2,0.070540332,-5,-2,1,-2,-1,0.666666667,-4,0.214285714,-1,-1,0,-1,0,-2,-1,1,0
-3,0,-1,-1,0.068944646,-2,-3,0.333333333,-1,-1,0,-1,0.410714286,-1,-1,0.333333333,-2,1,-2,-1,1,0
-1,0.470588235,-2,-1,0.112908551,-2,-2,1,-3,-1,1,-4,0.214285714,-1,-3,0,-1,0,-2,-1,1,1
-1,0.029411765,-2,-4,0.022669748,-2,-5,0.666666667,-1,-1,1,-1,0.392857143,-1,-1,0,-2,1,-1,-1,1,0
-2,0.470588235,-2,-2,0.111312865,-2,-3,0.666666667,-1,-1,0,-4,0.232142857,-1,-1,0.333333333,-1,1,-2,-1,1,0
-2,0.161764706,-2,-4,0.131011335,-5,-2,0.333333333,-2,-1,1,-4,0.160714286,-1,-3,0.333333333,-1,0,-1,-1,1,1
-3,0.117647059,-3,-5,0.068944646,-2,-2,1,-4,-1,1,-1,0.392857143,-1,-3,0,-1,0,-2,-1,1,0
-3,0.294117647,-2,-1,0.058380103,-5,-3,1,-4,-1,0.666666667,-2,0.125,-1,-1,0,-1,0,-1,-1,1,0
-3,0.294117647,-2,-1,0.15709255,-1,-5,1,-1,-1,0.333333333,-4,0.107142857,-1,-1,0.333333333,-1,0,-2,-1,1,0
-4,0.25,-1,-2,0.113843953,-2,-5,0.333333333,-3,-1,0,-4,0.25,-1,-3,0,-1,0,-2,-1,1,1
-1,0.029411765,-2,-4,0.061846594,-1,-4,1,-2,-1,0.666666667,-2,1,-1,-1,0,-3,0,-1,-1,1,0
-2,0.205882353,-1,-3,0.184989546,-2,-1,0.666666667,-2,-1,1,-2,0.321428571,-1,-1,0,-1,0,-1,-1,1,0
-1,0.647058824,-2,-4,0.413392759,-2,-1,1,-1,-1,1,-3,0.410714286,-2,-2,0,-3,0,-2,-1,1,1
-4,0.205882353,-2,-3,0.154011225,-2,-5,0,-2,-1,0,-2,0.464285714,-3,-1,0,-2,0,-2,-1,1,0
-2,0.117647059,-2,-1,0.07065038,-2,-5,0,-4,-1,0,-1,0.071428571,-1,-3,0,-1,0,-2,-1,0,1
-3,0.294117647,-3,-4,0.098052162,-2,-1,1,-1,-1,1,-3,0.732142857,-1,-2,0.333333333,-1,0,-1,-1,1,0
-1,0.382352941,-2,-3,0.335644327,-1,-1,1,-1,-1,1,-2,0.214285714,-1,-1,0,-1,0,-2,-1,1,1
-4,0.205882353,-2,-3,0.143831848,-2,-2,0.333333333,-1,-1,0,-1,0.267857143,-1,-1,0,-2,1,-2,-1,1,1
-3,0.117647059,-1,-4,0.055298778,-2,-1,1,-1,-1,1,-1,0.75,-1,-1,0.333333333,-2,0,-2,-1,1,0
-1,0.294117647,-3,-4,0.059590624,-2,-4,1,-1,-1,0.333333333,-1,0.428571429,-1,-2,0.333333333,-1,1,-2,-1,1,1
-3,0.294117647,-1,-4,0.097501926,-2,-2,1,-2,-1,1,-4,0.321428571,-1,-1,0,-1,0,-1,-1,1,0
-3,0.294117647,-2,-1,0.071640806,-2,-3,0.666666667,-1,-1,0,-4,0.232142857,-2,-1,0,-1,1,-2,-1,1,0
-1,0.117647059,-5,-1,0.020688896,-2,-2,1,-2,-1,1,-1,0.089285714,-2,-1,0,-2,0,-2,-1,0,1
-3,0.647058824,-1,-5,0.473643667,-1,-3,0.333333333,-1,-1,0,-3,0.285714286,-1,-2,0.333333333,-1,0,-1,-1,1,0
-3,0.117647059,-1,-8,0.04104765,-1,-3,1,-2,-1,1,-1,0.071428571,-1,-1,0.333333333,-1,0,-2,-1,0,0
-3,0.029411765,-5,-1,0.08253549,-3,-1,0.333333333,-1,-1,1,-2,0.464285714,-2,-1,0,-2,1,-2,-1,1,0
-1,0.647058824,-2,-1,0.371354683,-2,-3,0,-4,-2,0,-1,0.267857143,-1,-1,0.333333333,-1,0,-1,-1,1,1
-2,0.117647059,-1,-4,0.096016287,-5,-5,1,-1,-1,0,-4,0.142857143,-1,-1,0,-1,0,-2,-1,1,0
-2,0.073529412,-2,-2,0.052217454,-2,-3,1,-2,-1,1,-2,0.857142857,-1,-1,0.333333333,-3,0,-1,-1,1,0
-2,0.117647059,-2,-1,0.059480577,-2,-5,0.333333333,-1,-1,0,-4,0.053571429,-3,-1,0,-1,0,-2,-1,0,1
-2,0.205882353,-4,-4,0.111587983,-5,-5,0.666666667,-2,-1,0.666666667,-4,0.160714286,-1,-1,0.333333333,-1,0,-2,-1,1,1
-3,0.25,-4,-4,0.261527457,-1,-2,0,-2,-1,1,-2,0.178571429,-2,-1,0.333333333,-1,0,-1,-1,1,1
-1,0.294117647,-5,-3,0.181688126,-2,-3,0.666666667,-1,-1,1,-4,0.142857143,-2,-1,0,-1,0,-2,-1,1,1
-2,0.205882353,-1,-3,0.092329702,-2,-5,0.333333333,-1,-1,0.333333333,-1,0.214285714,-1,-1,0.333333333,-2,0,-2,-1,1,1
-1,0.294117647,-2,-5,0.149334214,-1,-1,1,-1,-1,1,-3,0.535714286,-2,-2,0,-1,1,-1,-1,1,0
-1,0.294117647,-5,-1,0.071310664,-2,-3,1,-1,-2,1,-4,0.089285714,-2,-3,0,-2,0,-2,-1,0,1
-4,0.029411765,-3,-1,0.023825245,-2,-5,0.333333333,-2,-1,0,-2,0.178571429,-2,-1,0,-1,0,-2,-1,1,0
-2,0.470588235,-2,-4,0.667932211,-1,-2,0,-1,-1,1,-3,0.321428571,-1,-2,0,-1,0,-1,-1,1,1
-2,0.294117647,-3,-6,0.245515572,-1,-2,1,-1,-1,0.333333333,-2,0.321428571,-2,-1,0.333333333,-3,0,-1,-1,1,0
-2,0.294117647,-3,-1,0.071695829,-5,-3,0.666666667,-2,-1,0.333333333,-2,0.071428571,-1,-3,0.333333333,-1,0,-1,-1,0,0
-1,0.117647059,-2,-4,0.061736547,-2,-3,0.333333333,-3,-1,0.666666667,-4,0.303571429,-1,-1,0,-1,0,-2,-1,1,1
-3,0.294117647,-1,-1,0.128095081,-4,-1,0.333333333,-1,-1,0.333333333,-4,0.267857143,-1,-1,0,-1,0,-2,-1,1,0
-2,0.647058824,-2,-1,0.205183229,-1,-3,1,-1,-1,0,-4,0.392857143,-1,-1,0.333333333,-1,1,-1,-1,1,0
-1,0.647058824,-2,-1,0.35809398,-2,-2,0.666666667,-2,-1,0.333333333,-4,0.214285714,-1,-1,0,-1,0,-1,-1,1,1
-1,0.294117647,-2,-3,0.164190602,-2,-5,1,-2,-1,1,-1,0.071428571,-1,-3,0,-2,0,-1,-1,0,1
-3,0.382352941,-1,-1,0.313854958,-2,-3,0.666666667,-1,-3,0.333333333,-4,0.339285714,-1,-1,0,-1,0,-2,-1,1,0
-3,0.294117647,-2,-5,0.285187631,-1,-4,0.333333333,-2,-1,1,-2,0.125,-1,-3,0,-3,0,-1,-1,1,0
-1,0.161764706,-2,-6,0.030593155,-2,-2,1,-2,-1,1,-2,0.053571429,-1,-1,0,-2,0,-2,-1,0,0
-2,0.073529412,-2,-1,0.045779685,-2,-1,1,-1,-1,1,-4,0.142857143,-1,-1,0.333333333,-2,0,-2,-1,1,0
-3,0.161764706,-1,-3,0.13965005,-2,-3,0.333333333,-2,-3,0.666666667,-4,0.089285714,-2,-1,0.333333333,-1,0,-2,-1,0,0
-2,0.117647059,-2,-1,0.147463409,-2,-3,0.333333333,-2,-1,0,-1,0.142857143,-1,-1,0,-1,0,-2,-1,1,0
-3,0.294117647,-1,-2,0.092274678,-1,-2,0.666666667,-2,-1,0.333333333,-4,0.25,-1,-1,0.333333333,-1,0,-1,-1,1,0
-2,0.470588235,-1,-4,0.141410807,-2,-5,1,-3,-1,1,-4,0.142857143,-1,-1,0.333333333,-1,0,-2,-1,1,1
-3,0.294117647,-2,-10,0.037801255,-2,-5,1,-4,-1,0.666666667,-4,0.142857143,-1,-1,0.333333333,-2,0,-2,-1,1,0
-2,0.205882353,-1,-4,0.04434907,-2,-1,0.666666667,-1,-2,0.666666667,-1,0.196428571,-2,-1,0.333333333,-1,0,-2,-1,1,1
-2,0.117647059,-1,-4,0.158137999,-2,-5,0,-1,-1,0.666666667,-1,0.535714286,-2,-1,0.333333333,-2,1,-2,-1,1,0
-3,0.073529412,-2,-3,0.062616925,-2,-2,1,-2,-1,0.333333333,-1,0.125,-1,-3,0,-1,0,-2,-1,1,0
-2,0.470588235,-2,-8,0.117420491,-2,-5,1,-1,-1,0,-3,0.25,-1,-3,0,-2,0,-2,-1,1,1
-3,0.117647059,-2,-4,0.103609552,-1,-1,1,-2,-1,1,-3,0.589285714,-1,-2,0,-3,0,-1,-1,1,0
-1,0.205882353,-2,-3,0.098437328,-2,-2,0,-2,-1,1,-1,0.017857143,-2,-3,0,-1,0,-2,-1,0,1
-1,0.073529412,-1,-4,0.14025531,-2,-2,0.333333333,-1,-1,0.333333333,-1,0.303571429,-1,-3,0.333333333,-1,1,-2,-1,1,0
-1,0.117647059,-2,-3,0.057169583,-2,-2,1,-1,-2,0,-2,0.035714286,-1,-1,0,-2,0,-2,-1,0,0
-1,0.205882353,-2,-7,0.053207879,-2,-2,1,-4,-1,0.666666667,-1,0.5,-1,-1,0,-2,0,-1,-1,1,1
-1,0.117647059,-1,-3,0.109827226,-2,-1,0.666666667,-1,-1,0.666666667,-2,0.732142857,-1,-1,0.333333333,-1,0,-2,-1,1,1
-1,0.117647059,-1,-1,0.007428194,-2,-3,1,-2,-1,0.666666667,-1,0.696428571,-1,-1,1,-2,0,-1,-1,1,0
-2,0.294117647,-3,-4,0.094365577,-1,-2,1,-2,-1,1,-4,0.410714286,-1,-3,0.333333333,-1,0,-1,-1,1,0
-3,0.25,-2,-6,0.072741279,-4,-1,1,-2,-1,1,-1,0.303571429,-2,-1,0,-2,0,-2,-1,1,0
-2,0.294117647,-2,-4,0.135798393,-2,-2,0.666666667,-2,-1,1,-2,0.017857143,-1,-3,0,-2,0,-1,-1,0,1
-1,0.294117647,-5,-9,0.060966215,-1,-1,1,-1,-1,0.666666667,-4,0.375,-3,-1,0,-3,0,-1,-1,1,1
-2,0.029411765,-5,-4,0.037471113,-5,-5,0,-2,-1,0,-2,0.232142857,-3,-1,0,-2,0,-2,-1,1,1
-1,0.294117647,-2,-4,0.065588203,-2,-3,1,-2,-1,1,-4,0.071428571,-1,-3,0.333333333,-1,0,-2,-1,0,1
-2,0.294117647,-4,-6,0.219599428,-2,-2,0,-1,-1,1,-1,0.303571429,-1,-1,0.666666667,-2,0,-1,-1,1,1
-3,0.205882353,-1,-4,0.138934742,-2,-3,0.333333333,-1,-1,0.333333333,-2,0.214285714,-2,-1,0.333333333,-1,0,-2,-1,1,1
-3,0.294117647,-3,-6,0.198800484,-2,-2,0,-1,-1,0.333333333,-3,0.232142857,-1,-2,0,-1,0,-2,-1,1,0
-2,0.044117647,-2,-1,0.11439419,-2,-5,0,-2,-2,0,-1,0.464285714,-1,-1,0,-1,0,-2,-1,1,0
-2,0.073529412,-2,-3,0.036755805,-2,-2,1,-2,-1,0,-2,0.196428571,-1,-1,0,-1,0,-2,-1,1,1
-2,0.294117647,-5,-2,0.087322549,-2,-3,1,-2,-1,1,-3,0.267857143,-2,-2,0,-2,0,-2,-1,1,1
-3,0.470588235,-2,-3,0.170518323,-2,-2,1,-2,-1,0.333333333,-4,0.160714286,-1,-1,0,-3,0,-1,-1,1,1
-4,0.088235294,-2,-3,0.056399252,-2,-5,1,-2,-1,0.333333333,-2,0.071428571,-1,-1,0,-1,0,-2,-1,0,0
-1,0.294117647,-5,-3,0.141850996,-3,-2,1,-1,-1,1,-1,0.053571429,-3,-1,0,-1,0,-1,-1,0,0
-3,0.294117647,-1,-6,0.235281171,-2,-2,0.666666667,-1,-1,0.333333333,-1,0.982142857,-1,-1,0,-3,0,-1,-1,1,0
-2,0.470588235,-2,-1,0.133212281,-5,-2,1,-2,-3,1,-3,0.553571429,-1,-2,0,-1,0,-2,-1,1,1
-3,0.205882353,-2,-1,0.099097612,-2,-5,1,-1,-1,0,-1,0.25,-1,-1,0,-1,0,-2,-1,1,0
-3,0.161764706,-2,-5,0.057774843,-1,-1,1,-1,-1,1,-3,0.464285714,-2,-2,0,-1,1,-2,-1,1,0
-1,0.117647059,-2,-7,0.027016617,-5,-4,1,-2,-1,0.666666667,-2,0.053571429,-1,-1,0,-1,0,-2,-1,0,1
-4,0.088235294,-2,-4,0.054473424,-5,-1,0,-2,-1,1,-3,0.517857143,-1,-2,0,-2,1,-2,-1,1,1
-1,0.25,-2,-1,0.170958512,-4,-5,1,-2,-1,0.333333333,-4,0.178571429,-2,-1,0,-1,0,-2,-1,1,0
-1,0.294117647,-5,-5,0.186090019,-2,-2,0,-2,-2,1,-4,0.053571429,-2,-3,0,-1,0,-2,-2,0,0
-3,0.205882353,-3,-3,0.085726863,-2,-3,1,-2,-1,0,-1,0.053571429,-1,-1,0,-1,0,-2,-1,0,1
-2,0.647058824,-4,-6,0.657752834,-1,-2,0.333333333,-1,-1,0.333333333,-4,0.517857143,-2,-1,0,-3,0,-1,-1,1,0
-2,0.823529412,-3,-1,0.490095741,-1,-2,0.333333333,-1,-1,0.333333333,-3,0.142857143,-1,-2,0,-3,0,-2,-1,1,0
-1,0.029411765,-1,-4,0.18851106,-2,-2,0,-1,-1,0.666666667,-1,0.321428571,-1,-3,0.666666667,-1,1,-2,-1,1,0
-2,0.382352941,-2,-3,0.1755805,-5,-2,0.333333333,-2,-3,1,-4,0.035714286,-1,-3,0,-1,0,-2,-1,0,1
-3,0.117647059,-2,-4,0.021459227,-2,-2,1,-3,-1,0.333333333,-1,0.535714286,-1,-1,0,-2,0,-2,-1,1,0
-2,0.25,-1,-6,0.187190492,-2,-3,0.333333333,-1,-1,0.666666667,-2,0.142857143,-1,-1,0.333333333,-1,0,-2,-1,1,0
-3,0.205882353,-1,-4,0.070430285,-2,-2,0.666666667,-1,-1,0.333333333,-2,0.232142857,-2,-1,0.333333333,-1,0,-2,-1,1,1
-3,0.647058824,-2,-6,0.201606691,-1,-2,1,-3,-1,0.333333333,-1,0.339285714,-2,-1,0,-1,0,-2,-1,1,1
-1,0.117647059,-2,-3,0.088478046,-2,-5,1,-2,-1,0,-4,0.053571429,-1,-3,0,-1,0,-2,-1,0,0
-1,0.205882353,-2,-1,0.129305601,-2,-2,1,-1,-1,1,-3,0.821428571,-1,-2,0.333333333,-1,0,-2,-1,1,1
-3,0.161764706,-2,-1,0.095135908,-1,-1,1,-1,-1,0.333333333,-4,0.285714286,-1,-1,0,-1,0,-2,-1,1,0
-4,0.029411765,-2,-3,0.10267415,-2,-2,0.333333333,-1,-1,0.333333333,-1,0.392857143,-1,-1,0,-1,0,-1,-1,1,0
-2,0.073529412,-5,-4,0.065313085,-5,-3,0.333333333,-1,-1,0.666666667,-3,0.178571429,-1,-1,0,-1,0,-2,-1,1,1
-3,0.558823529,-1,-3,0.208649719,-3,-2,1,-1,-1,1,-1,0.303571429,-1,-1,0.333333333,-1,0,-1,-1,1,0
-3,0.073529412,-2,-2,0.197094751,-1,-1,0,-1,-1,1,-1,0.803571429,-1,-1,0,-2,0,-2,-1,1,0
-1,0.294117647,-2,-1,0.187630681,-2,-2,0.333333333,-2,-1,1,-4,0.160714286,-1,-1,0,-1,0,-2,-1,1,0
-1,0.205882353,-5,-3,0.071695829,-2,-2,1,-1,-1,0.666666667,-4,0.446428571,-2,-1,0,-1,0,-2,-1,1,1
-2,0.161764706,-2,-1,0.06569825,-1,-5,1,-1,-1,0,-2,0.071428571,-1,-1,0,-1,0,-2,-1,0,0
-3,0.073529412,-2,-3,0.095190932,-2,-5,0.333333333,-2,-3,0.333333333,-4,0,-1,-3,0.333333333,-1,0,-2,-1,0,1
-2,0.294117647,-2,-4,0.060801144,-2,-5,0.666666667,-2,-1,1,-4,0.107142857,-1,-1,0,-2,0,-1,-1,1,1
-3,0.117647059,-2,-2,0.062892044,-2,-1,1,-1,-1,1,-2,0.5,-2,-1,0.666666667,-1,1,-1,-1,1,0
-3,0.294117647,-2,-1,0.061956641,-3,-3,1,-2,-1,0,-4,0.160714286,-1,-1,0,-1,0,-2,-1,1,0
-3,0.823529412,-3,-1,0.847529438,-2,-3,0.333333333,-1,-1,1,-4,0.035714286,-1,-1,0.333333333,-1,0,-1,-1,0,0
-3,0.117647059,-2,-1,0.06839441,-2,-5,1,-2,-1,0.666666667,-4,0.267857143,-1,-1,0,-1,1,-2,-1,1,0
-1,0.558823529,-3,-1,0.22669748,-2,-3,0.666666667,-1,-1,0.333333333,-2,0.125,-2,-1,0.333333333,-1,1,-1,-1,1,1
-1,0.205882353,-2,-2,0.02751183,-2,-4,1,-2,-1,0,-1,0.142857143,-1,-1,0,-4,0,-2,-1,1,1
-2,0.161764706,-2,-8,0.058215032,-2,-1,1,-1,-1,1,-4,0.339285714,-1,-1,0.333333333,-2,0,-2,-1,1,0
-3,0.161764706,-2,-2,0.240618466,-5,-2,0.666666667,-1,-1,0.333333333,-2,0.375,-1,-1,0,-3,0,-1,-1,1,1
-3,0.294117647,-1,-1,0.08809288,-2,-3,1,-4,-2,0.333333333,-4,0.25,-1,-1,0.333333333,-1,0,-1,-1,1,0
-1,0.205882353,-1,-1,0.089688566,-2,-3,1,-4,-1,0,-2,0.232142857,-1,-1,0.333333333,-3,0,-1,-1,1,0
-3,0.470588235,-3,-6,0.425332893,-1,-5,1,-1,-1,1,-4,0.142857143,-1,-3,0.333333333,-1,0,-1,-1,1,1
-1,0.382352941,-4,-3,0.23841752,-2,-2,0.333333333,-3,-2,0.333333333,-1,0.232142857,-1,-1,0.333333333,-1,0,-2,-1,1,0
-3,0.117647059,-2,-4,0.062506878,-3,-2,0.333333333,-2,-1,0.333333333,-2,0.125,-1,-1,0,-1,0,-2,-1,1,1
-4,0.294117647,-2,-4,0.038351491,-2,-3,1,-1,-1,0.666666667,-3,0.339285714,-2,-2,0,-1,1,-2,-1,1,1
-1,0.117647059,-2,-2,0.023880269,-2,-2,1,-1,-1,1,-4,0.375,-1,-3,0,-2,1,-2,-1,1,1
-1,0.647058824,-2,-2,0.397600968,-2,-3,1,-1,-1,0,-3,0.553571429,-1,-2,0,-3,0,-1,-1,1,0
-2,0.117647059,-2,-3,0.09199956,-2,-2,1,-1,-1,0.333333333,-2,0.321428571,-1,-1,0,-2,0,-2,-1,1,1
-1,0.294117647,-2,-4,0.112963574,-2,-1,1,-1,-3,0,-1,0.464285714,-1,-1,0,-1,0,-2,-1,1,1
-2,0.470588235,-3,-4,0.431165401,-5,-1,0.333333333,-1,-1,1,-4,0.410714286,-1,-1,1,-3,0,-1,-1,1,1
-3,0.294117647,-1,-5,0.115329592,-2,-3,1,-1,-1,0.666666667,-4,0.285714286,-1,-1,0.333333333,-1,0,-1,-1,1,0
-1,0.147058824,-2,-4,0.204853087,-2,-4,0,-1,-1,1,-3,0.053571429,-1,-2,0,-1,0,-2,-1,0,0
-2,0.117647059,-2,-4,0.035105095,-2,-1,1,-1,-1,1,-4,0.392857143,-2,-1,0,-2,1,-2,-1,1,1
-3,0.647058824,-2,-1,0.548695939,-1,-3,1,-1,-1,0.666666667,-4,0.321428571,-3,-1,0,-1,0,-1,-1,1,0
-2,0.382352941,-4,-6,0.218498955,-2,-2,0.333333333,-2,-1,0,-4,0.160714286,-1,-1,0.333333333,-1,0,-2,-1,1,0
-2,0.205882353,-1,-3,0.336249587,-2,-1,0.333333333,-1,-1,0,-3,0.392857143,-1,-1,0,-1,0,-1,-1,1,0
-4,0.117647059,-2,-1,0.057609772,-2,-2,0.666666667,-4,-1,1,-1,0.071428571,-1,-3,0,-1,0,-2,-1,0,0
-1,0.117647059,-2,-4,0.035765379,-1,-2,1,-4,-1,0.333333333,-4,0.071428571,-1,-1,0,-1,0,-2,-1,0,1
-3,0.25,-2,-3,0.109552107,-2,-1,1,-1,-1,0.333333333,-1,0.553571429,-1,-1,0.333333333,-1,0,-2,-1,1,0
-2,0.029411765,-3,-3,0.044018928,-2,-4,1,-1,-1,0,-2,0.285714286,-3,-1,0.333333333,-3,0,-1,-1,1,0
-4,0.029411765,-1,-2,0.043853857,-2,-2,0.333333333,-2,-1,1,-2,0.553571429,-1,-1,0,-2,0,-2,-1,1,0
-3,0.294117647,-1,-9,0.333663475,-2,-4,1,-1,-3,0.333333333,-3,0.142857143,-2,-1,0.333333333,-3,0,-1,-1,1,0
-2,0.382352941,-5,-3,0.178606801,-4,-2,1,-1,-1,0.333333333,-4,0.267857143,-3,-1,0,-1,1,-1,-1,1,0
-3,0.647058824,-5,-6,0.184824475,-2,-2,0,-2,-1,0,-1,0.142857143,-3,-1,0,-1,0,-2,-1,1,0
-1,0.117647059,-1,-4,0.252723671,-2,-1,0.666666667,-1,-3,1,-2,0.428571429,-1,-3,0.333333333,-1,0,-1,-1,1,1
-4,0.382352941,-1,-1,0.152250468,-2,-1,1,-1,-1,1,-2,0.5,-1,-1,0,-1,0,-2,-1,1,0
-3,0.294117647,-1,-6,0.213987014,-5,-2,0.666666667,-1,-1,0.666666667,-2,0.142857143,-1,-1,0.333333333,-2,0,-1,-1,1,0
-3,0.470588235,-2,-6,0.302189942,-5,-3,0.333333333,-1,-1,0.333333333,-4,0.214285714,-1,-1,0.333333333,-1,0,-1,-1,1,0
-3,0.823529412,-2,-4,0.556619346,-2,-1,0.333333333,-1,-1,1,-2,0.410714286,-1,-1,0,-3,0,-1,-1,1,0
-3,0.029411765,-1,-4,0.100693298,-3,-2,0,-4,-1,0.333333333,-4,0.089285714,-1,-1,0,-1,0,-2,-1,0,0
-3,0.25,-3,-6,0.128205128,-3,-5,1,-1,-1,0.333333333,-1,0.392857143,-2,-1,0,-2,1,-2,-1,1,1
-3,0.382352941,-1,-1,0.235501266,-2,-3,1,-2,-1,1,-4,0.125,-1,-3,0,-3,0,-1,-1,1,0
-3,0.294117647,-1,-3,0.269615935,-2,-1,1,-1,-1,1,-4,0.25,-1,-1,0,-1,0,-1,-1,1,0
-2,1,-2,-1,0.294101464,-5,-2,0.333333333,-4,-1,0.333333333,-4,0.089285714,-1,-1,0,-1,0,-2,-1,0,1
-1,0.294117647,-2,-1,0.117420491,-2,-1,1,-1,-1,1,-1,0.803571429,-2,-3,0,-2,0,-2,-1,1,0
-3,0.205882353,-2,-1,0.066193463,-2,-5,0.666666667,-2,-1,0,-1,0.125,-1,-1,0,-1,0,-2,-1,1,0
-3,0.029411765,-2,-2,0.070870474,-2,-5,0,-2,-1,0.333333333,-3,0.660714286,-1,-1,0,-1,0,-2,-1,1,0
-3,0.117647059,-2,-1,0.111643006,-1,-2,1,-1,-1,1,-3,0.321428571,-1,-2,0,-1,0,-1,-1,1,0
-3,0.161764706,-3,-1,0.067569055,-2,-2,1,-4,-1,0.666666667,-1,0.25,-2,-1,0.333333333,-1,0,-2,-1,1,0
-3,0.294117647,-1,-1,0.267029823,-2,-5,0.666666667,-4,-1,0.666666667,-3,0.5,-1,-2,0.666666667,-1,0,-1,-1,1,0
-2,0.470588235,-3,-6,0.528612303,-5,-3,0,-1,-1,0.666666667,-2,0.214285714,-1,-1,0.333333333,-2,1,-1,-1,1,0
-3,0.823529412,-2,-4,0.345383515,-1,-2,1,-1,-1,1,-3,0.267857143,-1,-2,0,-1,1,-1,-1,1,0
-4,0.088235294,-1,-1,0.060360955,-1,-3,1,-1,-1,0.333333333,-2,0.142857143,-1,-1,0.333333333,-1,0,-1,-1,1,0
-2,0.470588235,-3,-4,0.1437218,-5,-1,1,-1,-1,0.666666667,-3,0.196428571,-1,-2,0,-1,0,-2,-1,1,0
-3,0.073529412,-2,-1,0.137724221,-5,-1,0.666666667,-1,-3,1,-4,0.285714286,-1,-1,0,-1,0,-1,-1,1,0
-1,0.117647059,-2,-4,0.187135468,-4,-2,0,-1,-1,0.666666667,-2,0.214285714,-1,-1,0,-1,1,-2,-1,1,0
-1,0.161764706,-1,-3,0.039892154,-2,-2,0.333333333,-3,-1,0.666666667,-2,0.107142857,-1,-1,0.333333333,-1,0,-2,-1,1,0
-2,0.161764706,-2,-8,0.131011335,-5,-2,0.666666667,-2,-1,0.333333333,-1,0.107142857,-1,-1,0,-2,0,-2,-1,1,0
-2,0.294117647,-2,-1,0.145592605,-5,-5,0.333333333,-1,-1,0,-4,0.178571429,-1,-1,0,-1,0,-2,-1,1,0
-1,0.029411765,-1,-4,0.245735666,-1,-5,0,-1,-1,0.666666667,-1,0.446428571,-1,-1,0.333333333,-2,1,-2,-1,1,0
-3,0.294117647,-2,-1,0.111918125,-2,-3,1,-1,-1,0.333333333,-4,0.160714286,-1,-1,0,-1,0,-1,-1,1,0
-3,0.029411765,-2,-5,0.054253329,-3,-2,0.333333333,-1,-1,1,-2,0.553571429,-1,-3,0,-1,0,-2,-1,1,0
-2,0.117647059,-2,-1,0.046935182,-2,-3,1,-1,-2,0.666666667,-1,0.178571429,-1,-1,0.333333333,-1,0,-2,-2,1,0
-3,0.117647059,-1,-4,0.037195994,-2,-4,0,-2,-1,0.333333333,-2,0.339285714,-1,-1,0,-4,0,-2,-1,1,0
-3,0.205882353,-1,-1,0.085286673,-2,-2,1,-1,-1,0.333333333,-4,0.089285714,-1,-1,0.333333333,-1,0,-2,-1,0,0
-4,0.161764706,-2,-2,0.091064158,-2,-1,1,-1,-1,1,-4,0.375,-1,-3,0,-3,0,-1,-1,1,0
-3,0.117647059,-2,-3,0.048035655,-3,-2,1,-2,-1,1,-4,0.178571429,-1,-3,0,-2,0,-2,-1,1,1
-1,0.647058824,-1,-5,0.334598878,-2,-1,1,-1,-1,1,-3,0.482142857,-1,-2,0.333333333,-1,0,-1,-1,1,1
-4,0.294117647,-2,-1,0.062011665,-5,-1,1,-2,-1,0.333333333,-3,0.5,-1,-2,0,-1,0,-1,-1,1,0
-2,0.382352941,-3,-6,0.123968306,-5,-1,1,-1,-1,0.333333333,-2,0.392857143,-3,-1,0.333333333,-1,0,-2,-1,1,0
-2,0.338235294,-2,-6,0.125343898,-2,-5,1,-2,-1,0,-2,0.232142857,-1,-1,0,-1,1,-1,-1,1,0
-3,0.161764706,-2,-4,0.279190052,-3,-1,0,-2,-1,1,-3,0.285714286,-1,-2,0,-1,0,-2,-1,1,0
-2,0.647058824,-2,-4,0.347199296,-5,-3,0.666666667,-1,-1,0.333333333,-2,0.089285714,-1,-1,0,-1,0,-2,-1,0,1
-2,0.117647059,-4,-3,0.149609332,-2,-5,1,-2,-1,0.666666667,-2,0.107142857,-1,-3,0.333333333,-1,0,-2,-1,1,1
-2,0.073529412,-2,-1,0.052602619,-2,-1,1,-2,-1,1,-1,0.107142857,-1,-1,0,-1,0,-2,-1,1,0
-2,0.073529412,-2,-1,0.102784197,-2,-2,0.333333333,-1,-1,0.333333333,-1,0.321428571,-1,-1,0,-2,1,-2,-1,1,0
-3,0.205882353,-1,-1,0.020853967,-3,-1,1,-1,-1,0.666666667,-2,0.232142857,-2,-1,0.333333333,-3,0,-1,-1,1,0
-1,0.029411765,-5,-2,0.05216243,-2,-1,1,-2,-1,1,-3,0.285714286,-1,-2,0,-1,0,-2,-1,1,1
-3,0.25,-2,-5,0.122482668,-1,-1,1,-1,-1,1,-1,0.482142857,-1,-1,0,-3,0,-1,-1,1,0
-1,0.073529412,-1,-1,0.04886101,-2,-2,1,-1,-1,1,-1,0.107142857,-1,-1,0.333333333,-2,0,-2,-1,1,0
-2,0.823529412,-2,-4,0.758060966,-2,-3,1,-1,-1,0.333333333,-3,0.142857143,-1,-1,0,-3,0,-1,-1,1,1
-3,0.382352941,-1,-5,0.404203808,-1,-1,0,-1,-1,1,-4,0.785714286,-1,-1,0.333333333,-1,0,-2,-1,1,0
-3,0.382352941,-1,-1,0.155551887,-1,-1,0.666666667,-1,-1,0.333333333,-4,0.375,-1,-1,0.333333333,-1,1,-1,-1,1,0
-3,0.205882353,-2,-1,0.069054694,-2,-2,1,-1,-1,0.333333333,-3,0.232142857,-1,-2,0,-3,0,-1,-1,1,0
-4,0.294117647,-1,-1,0.159458567,-1,-2,0.666666667,-1,-1,0.333333333,-4,0.214285714,-1,-1,0.333333333,-1,0,-1,-1,1,0
-2,0.235294118,-4,-5,0.324529548,-5,-1,0.666666667,-4,-1,1,-4,0.214285714,-2,-1,0.333333333,-1,0,-1,-1,1,0
-4,0.073529412,-4,-1,0.059810719,-2,-5,1,-1,-1,0.333333333,-4,0.267857143,-1,-1,0.333333333,-3,0,-1,-1,1,1
-2,0.029411765,-5,-2,0.01006933,-4,-5,1,-2,-1,0.333333333,-2,0.089285714,-2,-3,0,-1,1,-2,-1,0,1
-1,0.117647059,-2,-4,0.05381314,-2,-2,1,-2,-1,0.333333333,-1,0.089285714,-1,-1,0,-2,0,-2,-1,0,1
-2,0.073529412,-2,-1,0.029712776,-3,-2,1,-2,-1,0.666666667,-1,0.839285714,-1,-1,0,-2,0,-2,-1,1,0
-3,0.338235294,-2,-4,0.127654892,-2,-2,0.666666667,-2,-1,0.666666667,-1,0.035714286,-1,-3,0,-1,0,-2,-1,0,1
-3,0.029411765,-1,-4,0,-4,-2,0.333333333,-2,-1,0.333333333,-1,0.392857143,-2,-1,0.333333333,-2,0,-2,-1,1,0
-3,0.161764706,-1,-1,0.058655222,-3,-2,0.333333333,-4,-1,0.333333333,-2,0.5,-1,-1,0.333333333,-2,0,-2,-1,1,0
-1,0.205882353,-2,-1,0.089798613,-2,-2,1,-2,-1,1,-4,0.107142857,-2,-3,0.333333333,-1,0,-2,-1,1,1
-2,0.647058824,-5,-6,0.339275889,-2,-1,1,-2,-1,0.666666667,-3,0.714285714,-1,-3,0,-1,0,-2,-1,1,1
-4,0.294117647,-1,-6,0.056399252,-4,-2,0.333333333,-3,-1,1,-1,0.303571429,-1,-1,0.333333333,-1,0,-1,-1,1,0
-2,0.294117647,-3,-1,0.338560581,-2,-5,0,-1,-1,0.333333333,-4,0.25,-1,-1,0,-1,0,-2,-1,1,0
-1,0.294117647,-2,-1,0.095576098,-2,-2,0.333333333,-1,-1,1,-1,0.035714286,-1,-3,0,-2,1,-2,-1,0,1
-2,0.058823529,-2,-1,0.028062067,-2,-3,1,-2,-2,0.333333333,-1,0.446428571,-1,-1,0,-2,0,-2,-1,1,0
-3,0.294117647,-2,-5,0.129470672,-4,-2,0.333333333,-2,-1,1,-4,0.160714286,-1,-3,0,-1,0,-1,-1,1,0
-3,0,-1,-4,0.172224056,-2,-3,0,-2,-1,0,-1,0.321428571,-1,-1,0,-1,1,-2,-1,1,0
-2,0.470588235,-5,-7,0.205788489,-1,-5,0.666666667,-2,-1,0.333333333,-3,0.178571429,-2,-1,0,-4,0,-2,-1,1,0
-2,0.294117647,-2,-5,0.622317597,-2,-2,0,-2,-1,1,-4,0.071428571,-1,-3,0.333333333,-3,0,-2,-1,0,1
-1,0.205882353,-2,-4,0.227247717,-5,-2,0.666666667,-1,-1,1,-4,0.285714286,-1,-1,0,-2,1,-1,-1,1,0
-3,0.029411765,-1,-4,0.358259051,-2,-3,0,-1,-1,0.666666667,-3,0.464285714,-1,-1,0.333333333,-3,1,-1,-1,1,0
-2,0.382352941,-4,-6,0.221745351,-5,-2,1,-2,-1,1,-4,0.125,-1,-3,0.333333333,-2,0,-2,-1,1,1
-1,0.294117647,-5,-4,0.114174095,-5,-3,0.333333333,-1,-1,0.666666667,-4,0.232142857,-2,-1,0,-1,0,-2,-1,1,0
-2,0.088235294,-5,-1,0.043908881,-2,-2,1,-1,-1,1,-1,0.071428571,-3,-1,0,-2,0,-2,-1,0,0
-3,0.25,-2,-1,0.160118851,-1,-1,1,-1,-1,0.666666667,-2,0.392857143,-1,-1,0,-1,0,-1,-1,1,0
-1,0.294117647,-5,-3,0.122867833,-3,-2,1,-1,-1,1,-1,0.053571429,-3,-1,0,-1,0,-1,-1,0,0
-1,0.514705882,-1,-3,0.766424563,-1,-3,1,-1,-1,1,-2,0.196428571,-1,-1,0.333333333,-3,0,-1,-1,1,0
-1,0.132352941,-1,-6,0.085121602,-2,-5,0.666666667,-1,-1,0,-2,0.160714286,-2,-1,0.333333333,-2,0,-2,-1,1,0
-1,0.161764706,-2,-4,0.124408496,-2,-4,0,-2,-1,1,-4,0.071428571,-1,-3,0,-1,0,-2,-1,0,0
-1,0.117647059,-2,-4,0.056344228,-2,-5,0.666666667,-2,-1,0,-1,0.321428571,-1,-1,0,-2,0,-2,-1,1,1
-3,0.25,-2,-5,0.275008254,-1,-2,0,-1,-1,0.666666667,-4,0.125,-1,-1,0,-1,0,-2,-1,1,0
-3,0.161764706,-2,-5,0.152910752,-2,-3,0.333333333,-1,-1,0.333333333,-4,0.25,-1,-1,0,-1,0,-2,-1,1,0
-1,0.029411765,-2,-3,0.009794212,-2,-1,0.333333333,-2,-1,0,-2,0.535714286,-2,-1,0,-1,0,-1,-1,1,0
-1,0.205882353,-2,-4,0.039947177,-2,-5,0,-2,-1,0.333333333,-4,0.071428571,-1,-1,0,-2,0,-2,-1,0,1
-2,0.117647059,-2,-6,0.032518983,-5,-3,0.333333333,-2,-1,1,-1,0.071428571,-1,-3,0,-2,0,-2,-1,0,0
-3,0.382352941,-1,-1,0.303785628,-2,-3,1,-2,-1,0.333333333,-4,0.107142857,-1,-1,0.333333333,-1,0,-2,-1,1,0
-3,0.117647059,-3,-8,0.071805877,-4,-1,1,-1,-1,1,-3,0.642857143,-1,-2,0.333333333,-1,1,-2,-1,1,1
-1,0.294117647,-2,-4,0.056949488,-1,-3,1,-2,-1,1,-3,0.232142857,-1,-3,0,-1,0,-2,-1,1,1
-4,0.029411765,-1,-4,0.05771982,-2,-2,0,-1,-1,0,-1,0.982142857,-1,-1,0.666666667,-4,1,-2,-2,1,0
-4,0.161764706,-1,-1,0.056179157,-1,-2,0.666666667,-1,-1,1,-3,0.357142857,-1,-2,0.333333333,-1,0,-1,-1,1,1
-3,0.294117647,-2,-4,0.062892044,-2,-2,0.333333333,-1,-2,0.333333333,-1,0.214285714,-1,-1,0,-1,0,-1,-1,1,0
-1,0.117647059,-1,-4,0.024265434,-2,-1,1,-1,-1,0.666666667,-2,0.285714286,-1,-1,0.333333333,-1,0,-2,-1,1,1
-3,0.161764706,-1,-4,0.263838451,-1,-1,0,-2,-1,1,-4,0.714285714,-1,-1,0,-1,0,-1,-1,1,0
-1,0.205882353,-1,-3,0.103114339,-2,-2,1,-2,-1,1,-1,0.089285714,-1,-3,0.333333333,-1,0,-2,-1,0,1
-1,0.117647059,-2,-1,0.108066469,-2,-2,1,-1,-1,0.666666667,-2,0.089285714,-1,-1,0,-2,0,-2,-1,0,0
-3,0.25,-1,-4,0.683944096,-1,-1,1,-1,-1,1,-3,0.196428571,-1,-2,0,-3,0,-1,-1,1,1
-3,0.294117647,-1,-4,0.12176736,-5,-3,1,-4,-1,0.666666667,-2,0.142857143,-1,-1,0.333333333,-1,0,-1,-1,1,0
-2,0.117647059,-2,-1,0.049796412,-2,-1,0.666666667,-4,-2,0.666666667,-1,0.375,-2,-1,0.333333333,-2,0,-2,-1,1,0
-1,0.382352941,-2,-3,0.157257621,-2,-5,0.333333333,-3,-1,1,-2,0.214285714,-1,-1,0,-2,0,-2,-1,1,1
-3,0.088235294,-2,-5,0.145867723,-1,-5,0,-2,-1,1,-1,0.214285714,-1,-3,0,-1,0,-2,-1,1,0
-2,0.117647059,-1,-3,0.185264664,-2,-1,0,-1,-1,1,-4,0.160714286,-1,-3,0.666666667,-1,0,-1,-1,1,0
-3,0.117647059,-1,-1,0.077308243,-2,-1,0.333333333,-1,-1,1,-1,0.785714286,-1,-1,0.333333333,-2,0,-1,-1,1,0
-1,0.294117647,-2,-5,0.140970617,-1,-1,0.333333333,-2,-1,1,-1,0.125,-1,-3,0,-1,0,-2,-1,1,0
-1,0.470588235,-1,-2,0.430009904,-2,-2,0.666666667,-2,-1,0.333333333,-3,0.107142857,-1,-1,0.333333333,-3,0,-1,-1,1,1
-3,0.25,-1,-5,0.166446572,-2,-1,0,-1,-1,1,-4,0.303571429,-1,-1,0,-3,0,-1,-1,1,0
-3,0.294117647,-1,-1,0.108561682,-5,-1,1,-1,-1,1,-2,0.589285714,-2,-1,0.333333333,-1,0,-2,-1,1,0
-4,0.117647059,-1,-4,0.067679102,-3,-4,0.333333333,-1,-1,1,-3,0.839285714,-2,-2,0.666666667,-4,0,-2,-1,1,0
-1,0.294117647,-2,-4,0.061681523,-1,-2,1,-2,-1,1,-1,0.107142857,-1,-3,0,-1,0,-2,-1,1,1
-3,0.470588235,-1,-4,0.180752724,-2,-3,1,-1,-1,1,-4,0.321428571,-1,-1,0.333333333,-1,0,-1,-1,1,0
-1,0.205882353,-2,-1,0.179322109,-2,-3,1,-2,-2,0,-1,0.107142857,-1,-1,0,-1,0,-2,-1,1,0
-3,0.470588235,-1,-5,0.300484208,-4,-1,1,-1,-1,0.333333333,-4,0.339285714,-1,-1,0.333333333,-3,0,-1,-1,1,0
-2,0.205882353,-2,-8,0.199295697,-2,-4,0.333333333,-2,-1,1,-4,0.857142857,-1,-1,0,-1,0,-1,-1,1,0
-2,0.514705882,-1,-1,0.257675801,-2,-3,0.333333333,-1,-2,0.333333333,-1,0.107142857,-1,-1,0.333333333,-1,0,-2,-1,1,1
-3,0.294117647,-1,-4,0.092989986,-4,-1,1,-1,-1,1,-1,0.732142857,-1,-1,0,-1,0,-1,-1,1,0
-2,0.117647059,-4,-10,0.063827446,-2,-2,0.333333333,-1,-1,0.333333333,-1,0.214285714,-1,-1,0,-2,0,-1,-1,1,0
-2,0.117647059,-2,-4,0.032243865,-5,-5,1,-2,-1,0.333333333,-2,0.071428571,-2,-1,0,-2,0,-2,-1,0,1
-2,0.235294118,-2,-5,0.342137119,-1,-4,0,-3,-1,1,-1,0.732142857,-1,-1,0,-3,0,-1,-1,1,0
-2,0.205882353,-2,-6,0.093045009,-4,-2,1,-1,-1,0.333333333,-2,0.285714286,-1,-1,0,-2,0,-1,-1,1,0
-3,0.264705882,-2,-1,0.133432376,-3,-1,0.666666667,-1,-1,1,-4,0.375,-1,-1,0,-1,0,-2,-1,1,0
-3,0.647058824,-1,-5,0.137614174,-1,-1,1,-1,-1,0.666666667,-4,0.339285714,-1,-1,0.333333333,-1,1,-1,-1,1,0
-2,0.647058824,-3,-2,0.328711346,-2,-1,1,-1,-1,1,-3,0.553571429,-1,-2,0,-1,0,-2,-1,1,1
-1,0.529411765,-1,-2,0.316275999,-2,-2,1,-1,-1,0.666666667,-3,0.142857143,-2,-1,0,-1,0,-1,-1,1,1
-2,0.25,-2,-6,0.051612193,-2,-1,0.333333333,-2,-1,1,-2,0.357142857,-1,-1,0,-1,1,-2,-1,1,1
-3,0.294117647,-2,-5,0.333608452,-1,-1,0.666666667,-1,-1,1,-4,0.392857143,-1,-1,0,-3,1,-1,-1,1,0
-3,0.029411765,-1,-3,0.053427974,-1,-2,0,-4,-1,0.333333333,-2,0.142857143,-1,-1,0.333333333,-1,0,-2,-1,1,0
-4,0.294117647,-2,-3,0.14537251,-2,-1,0.666666667,-3,-1,1,-3,0.571428571,-1,-2,0,-1,0,-2,-1,1,0
-3,0.294117647,-2,-3,0.154726532,-3,-1,1,-1,-1,0.666666667,-3,0.232142857,-1,-3,0,-1,0,-1,-1,1,0
-3,0.073529412,-2,-3,0.112853527,-5,-5,0.333333333,-2,-1,1,-2,0.053571429,-1,-3,0,-1,0,-2,-1,0,0
-1,0.205882353,-2,-5,0.399526797,-1,-1,0,-1,-1,1,-2,0.571428571,-1,-2,0,-1,1,-1,-1,1,1
-3,0.117647059,-1,-3,0.055463849,-2,-5,0.333333333,-2,-1,1,-2,0.053571429,-1,-3,0.333333333,-2,0,-2,-1,0,0
-3,0.294117647,-3,-4,0.025696049,-1,-1,1,-4,-1,1,-4,0.625,-1,-1,0.333333333,-1,0,-1,-1,1,0
-2,0.073529412,-2,-4,0.071475735,-1,-5,1,-1,-1,0.333333333,-1,0.285714286,-1,-1,0,-4,0,-2,-1,1,0
-3,0.294117647,-1,-2,0.07411687,-2,-1,1,-1,-1,1,-3,0.625,-1,-2,0.333333333,-1,1,-2,-1,1,0
-2,0.205882353,-1,-1,0.085011555,-2,-1,0.666666667,-2,-2,1,-1,0.517857143,-2,-3,0.333333333,-2,0,-1,-1,1,0
-1,0.235294118,-1,-3,0.221305161,-2,-1,0,-2,-1,1,-2,0.089285714,-1,-1,0.333333333,-1,0,-2,-1,0,0
-3,0.117647059,-1,-1,0.039947177,-1,-1,1,-1,-1,1,-4,0.285714286,-1,-1,0.333333333,-1,0,-2,-1,1,0
-2,0.117647059,-2,-4,0.397380874,-1,-4,0,-2,-1,0.333333333,-1,0.089285714,-1,-3,0,-4,0,-2,-1,0,0
-1,0.470588235,-2,-4,0.496368438,-2,-3,0.333333333,-1,-1,0,-4,0.089285714,-1,-1,0,-1,0,-1,-1,0,1
-2,0.029411765,-2,-1,0.018708044,-2,-5,0.666666667,-4,-1,0.666666667,-1,0.125,-1,-1,0,-2,0,-2,-2,1,0
-3,0.117647059,-1,-1,0.037416089,-1,-1,1,-1,-1,1,-1,0.821428571,-1,-1,1,-1,0,-2,-1,1,0
-2,0.558823529,-5,-5,0.497028722,-2,-4,0,-1,-1,0.333333333,-3,0.642857143,-2,-2,0,-3,0,-1,-1,1,0
-2,0.161764706,-4,-4,0.084076153,-2,-5,0.333333333,-2,-1,0,-1,0.125,-1,-3,0.333333333,-4,0,-2,-1,1,1
-2,0.058823529,-2,-6,0.036150545,-2,-5,0.666666667,-4,-1,0.333333333,-1,0.125,-1,-1,0,-1,0,-1,-1,1,0
-2,0.029411765,-2,-1,0.012875536,-2,-3,0.666666667,-4,-2,0.666666667,-1,0.160714286,-2,-1,0,-2,0,-2,-1,1,0
-1,0.470588235,-1,-5,0.516066909,-2,-3,1,-1,-1,1,-4,0.089285714,-1,-1,0.333333333,-1,0,-1,-1,0,1
-1,0.647058824,-2,-7,0.154121272,-2,-2,0.666666667,-1,-1,1,-4,0.625,-1,-1,0,-1,0,-2,-1,1,1
-1,0.647058824,-2,-4,0.202542093,-2,-3,1,-1,-1,1,-3,0.482142857,-1,-2,0,-1,1,-2,-1,1,1
-2,0.470588235,-3,-4,0.395179927,-2,-2,0.333333333,-2,-1,0.333333333,-2,0.625,-1,-3,0,-1,0,-2,-1,1,0
-3,0.029411765,-2,-7,0.059865742,-3,-2,0,-3,-1,1,-1,0.767857143,-1,-1,0,-1,0,-2,-1,1,0
-3,0.029411765,-1,-1,0.071750853,-2,-3,0,-2,-1,0.333333333,-4,0.089285714,-1,-3,0.333333333,-1,0,-1,-1,0,0
-1,0.470588235,-2,-9,0.858754264,-2,-4,0.333333333,-3,-3,0.666666667,-4,0.428571429,-1,-1,0,-3,0,-2,-1,1,0
-1,0.205882353,-2,-1,0.060250908,-2,-2,1,-4,-1,0.666666667,-1,0.125,-2,-1,0,-1,0,-2,-1,1,1
-3,0.117647059,-2,-4,0.046825135,-2,-2,0.666666667,-4,-1,0.333333333,-1,0.142857143,-1,-1,0.333333333,-1,0,-1,-1,1,0
-4,0.117647059,-2,-1,0.152195444,-2,-2,0.666666667,-4,-1,0,-4,0.089285714,-1,-1,0,-1,0,-2,-1,0,0
-1,0.470588235,-2,-3,0.135468251,-2,-1,0.333333333,-1,-1,0.333333333,-2,0.392857143,-2,-1,0,-1,1,-2,-1,1,1
-1,0.058823529,-1,-4,0.026466381,-2,-1,1,-1,-1,1,-1,0.5,-1,-1,0.333333333,-2,0,-2,-1,1,0
-3,0.205882353,-1,-3,0.19423352,-2,-5,0.666666667,-3,-1,0.333333333,-4,0.285714286,-1,-1,0.333333333,-3,0,-1,-1,1,0
-1,0.25,-1,-4,0.074391989,-2,-1,1,-4,-1,0.666666667,-4,0.196428571,-1,-1,0.333333333,-1,0,-1,-1,1,0
-1,0.205882353,-1,-4,0.204467921,-2,-1,0,-2,-1,1,-1,0.25,-2,-3,0.666666667,-1,0,-1,-1,1,1
-3,0.205882353,-4,-6,0.21541763,-2,-2,0.333333333,-1,-1,0.333333333,-4,0.303571429,-3,-1,0.333333333,-1,1,-2,-1,1,1
-1,0.470588235,-2,-5,0.444866293,-1,-1,0.666666667,-1,-1,1,-3,0.5,-1,-2,0,-1,0,-2,-1,1,1
-2,0.647058824,-3,-6,0.353857159,-1,-2,1,-1,-1,1,-3,0.339285714,-1,-2,0,-1,1,-1,-1,1,0
-3,0.294117647,-3,-6,0.116925278,-3,-2,1,-1,-1,0.333333333,-4,0.446428571,-1,-1,0.333333333,-1,1,-1,-1,1,0
-1,0.205882353,-2,-4,0.053152856,-2,-5,1,-2,-1,0.666666667,-4,0.071428571,-1,-3,0,-1,0,-1,-1,0,1
-1,0.602941176,-4,-6,0.636403654,-2,-1,0.333333333,-1,-1,1,-4,0.178571429,-1,-3,0.333333333,-1,0,-2,-1,1,1
-2,0.294117647,-2,-1,0.265984373,-1,-1,0.333333333,-2,-1,1,-4,0.410714286,-1,-1,0,-1,0,-1,-1,1,0
-4,0.161764706,-2,-1,0.114284142,-2,-5,0.333333333,-2,-1,0.666666667,-1,0.107142857,-1,-1,0,-2,0,-2,-1,1,1
-1,0.117647059,-4,-4,0.045779685,-2,-2,1,-1,-1,1,-4,0.517857143,-2,-1,0.333333333,-1,0,-2,-1,1,1
-3,0.117647059,-2,-1,0.034995048,-1,-2,1,-2,-1,0.333333333,-4,0.035714286,-1,-1,0,-1,0,-2,-1,0,0
-3,0,-2,-3,0.019313305,-2,-5,0,-2,-1,0.666666667,-1,0.071428571,-1,-3,0,-2,1,-2,-1,0,0
-1,0.294117647,-1,-5,0.148949048,-2,-1,1,-1,-1,1,-2,0.785714286,-1,-1,0.333333333,-1,0,-1,-1,1,0
-3,0.294117647,-1,-1,0.129910862,-2,-1,1,-4,-3,0.666666667,-1,0.482142857,-1,-1,0.333333333,-1,0,-2,-1,1,0
-1,0.470588235,-2,-3,0.271211621,-2,-3,1,-1,-1,0.333333333,-2,0.178571429,-1,-1,0,-1,0,-2,-1,1,1
-3,0.25,-3,-5,0.1509299,-2,-2,0.666666667,-1,-1,0.333333333,-1,0.160714286,-3,-1,0.333333333,-2,0,-2,-1,1,0
-3,0.205882353,-2,-8,0.093155057,-2,-5,1,-2,-1,1,-1,0.071428571,-1,-1,0,-1,0,-2,-1,0,1
-3,0.294117647,-5,-6,0.072025971,-2,-3,1,-1,-1,1,-4,0.553571429,-2,-1,0,-1,0,-1,-1,1,0
-3,0.205882353,-2,-3,0.17453505,-2,-1,1,-1,-1,1,-2,0.5,-2,-1,0.666666667,-1,1,-1,-1,1,0
-2,0.25,-2,-3,0.205018158,-1,-3,0.333333333,-1,-1,0.666666667,-4,0.285714286,-1,-1,0,-1,0,-1,-1,1,0
-3,0.205882353,-2,-4,0.358259051,-1,-2,0.333333333,-1,-1,1,-4,0.875,-1,-3,0.333333333,-1,0,-2,-1,1,1
-3,0.294117647,-2,-4,0.054968637,-2,-5,1,-4,-1,0.333333333,-1,0.160714286,-1,-1,0,-1,0,-2,-1,1,0
-1,0.073529412,-2,-1,0.061296357,-2,-3,0.666666667,-1,-1,1,-1,0.714285714,-1,-1,0,-1,0,-2,-1,1,0
-1,0.117647059,-2,-1,0.02525586,-2,-1,1,-1,-1,1,-1,0.678571429,-3,-1,0,-2,0,-2,-1,1,1
-1,0.235294118,-1,-4,0.109221965,-2,-2,1,-4,-2,0.333333333,-2,0.25,-2,-3,0.333333333,-1,0,-2,-2,1,1
-3,0.294117647,-1,-5,0.208649719,-1,-3,0.666666667,-1,-1,1,-2,0.428571429,-1,-1,0.333333333,-1,0,-1,-1,1,0
-3,0.161764706,-1,-1,0.067183889,-2,-2,1,-1,-1,1,-3,0.285714286,-1,-2,0.333333333,-1,0,-1,-1,1,0
-1,0.205882353,-5,-4,0.065588203,-2,-3,1,-1,-1,1,-3,0.232142857,-1,-2,0.333333333,-2,1,-2,-1,1,1
-3,0.470588235,-3,-4,0.584626389,-2,-1,0.333333333,-1,-1,0.333333333,-4,0.464285714,-1,-1,0.333333333,-1,1,-1,-1,1,0
-3,0.294117647,-2,-4,0.06734896,-5,-5,1,-4,-1,0.666666667,-1,0.25,-1,-1,0,-1,0,-1,-1,1,0
-3,0.088235294,-2,-10,0.035435237,-1,-3,1,-2,-1,0.666666667,-2,0.375,-1,-1,0,-1,0,-1,-1,1,0
-3,0.161764706,-1,-3,0.170188181,-2,-2,1,-1,-1,0.333333333,-3,0.160714286,-1,-2,0,-1,0,-1,-1,1,0
-1,0.161764706,-2,-4,0.204082756,-2,-2,0.666666667,-2,-1,0.333333333,-2,0.178571429,-1,-1,0,-1,0,-1,-1,1,1
-3,0.073529412,-2,-4,0.183063717,-5,-2,0,-1,-2,0.333333333,-1,0.125,-1,-3,0,-1,1,-2,-2,1,0
-3,0.294117647,-1,-5,0.305601409,-4,-2,1,-1,-1,0.333333333,-1,0.142857143,-1,-1,0.333333333,-1,0,-2,-1,1,0
-3,0.205882353,-3,-6,0.105590404,-2,-2,1,-4,-1,0.333333333,-4,0.160714286,-1,-1,0,-1,0,-1,-1,1,1
-1,0.294117647,-2,-1,0.120446792,-2,-5,1,-2,-1,1,-1,0.285714286,-1,-1,0,-1,0,-1,-1,1,1
-3,0.338235294,-1,-3,0.235281171,-4,-5,1,-1,-1,0.333333333,-1,0.232142857,-3,-1,0.333333333,-2,1,-1,-1,1,0
-3,0.088235294,-2,-3,0.107846374,-2,-2,0.333333333,-1,-1,0.333333333,-1,0.107142857,-2,-3,0,-2,0,-2,-1,1,1
-3,0.161764706,-2,-3,0.108451634,-3,-2,0.333333333,-2,-1,1,-4,0.017857143,-1,-3,0,-1,0,-2,-1,0,0
-1,0.205882353,-2,-1,0.117695609,-2,-5,1,-2,-1,0,-4,0.142857143,-3,-1,0,-1,0,-2,-1,1,0
-3,0.117647059,-1,-3,0.169527897,-2,-1,0.333333333,-1,-1,1,-2,0.410714286,-3,-1,0,-1,0,-2,-1,1,0
-3,0.470588235,-2,-6,0.393914383,-1,-1,0.666666667,-1,-1,0.333333333,-2,0.321428571,-1,-1,0.333333333,-1,0,-2,-1,1,0
-1,0.117647059,-2,-3,0.022119511,-2,-1,1,-2,-1,1,-2,0.089285714,-1,-3,0,-1,0,-2,-1,0,0
-3,0.470588235,-3,-3,0.408715748,-3,-3,0.333333333,-2,-1,1,-4,0.375,-1,-1,0.333333333,-1,0,-1,-1,1,0
-4,0.029411765,-1,-4,0.060140861,-2,-1,0,-1,-1,1,-1,0.482142857,-1,-1,0.333333333,-1,1,-2,-2,1,0
-1,0.294117647,-1,-6,0.062286783,-5,-3,1,-1,-1,0,-1,0.125,-1,-1,0.333333333,-1,0,-1,-1,1,0
-3,0.161764706,-2,-7,0.034334764,-1,-5,1,-2,-1,0,-1,0.089285714,-1,-1,0,-1,0,-2,-1,0,0
-1,0.117647059,-2,-3,0.183779025,-2,-2,0.333333333,-1,-3,0.333333333,-2,0.178571429,-1,-1,0,-2,1,-2,-1,1,0
-2,0.102941176,-1,-4,0.058985364,-4,-2,1,-2,-1,1,-4,0.375,-1,-1,0.333333333,-1,0,-2,-1,1,0
-1,0.205882353,-5,-1,0.092989986,-2,-5,0.666666667,-1,-3,1,-3,0.303571429,-2,-2,0,-3,0,-1,-1,1,0
-3,0.470588235,-2,-1,0.184054143,-2,-1,1,-1,-1,0.333333333,-4,0.160714286,-1,-1,0,-1,0,-2,-1,1,0
-1,0.073529412,-2,-4,0.06448773,-2,-5,0.666666667,-1,-1,0.333333333,-3,0.142857143,-1,-2,0,-3,0,-1,-1,1,1
-3,0.382352941,-1,-1,0.357213602,-1,-3,0.333333333,-1,-1,0.666666667,-2,0.303571429,-1,-1,0.333333333,-1,0,-2,-1,1,0
-3,0.294117647,-2,-5,0.416198966,-2,-3,0.666666667,-1,-1,0.666666667,-4,0.339285714,-1,-1,0,-3,0,-1,-1,1,0
-3,0.294117647,-2,-5,0.49669858,-1,-2,0.333333333,-3,-1,1,-3,0.517857143,-1,-2,0,-1,0,-1,-1,1,0
-2,0.382352941,-1,-4,0.106250688,-1,-1,1,-1,-1,1,-1,0.303571429,-1,-1,0.333333333,-1,0,-2,-1,1,0
-3,0.205882353,-1,-1,0.046660064,-2,-4,1,-2,-1,1,-4,0.821428571,-1,-1,0.333333333,-4,0,-2,-1,1,0
-2,0.294117647,-2,-3,0.209475074,-2,-3,0.666666667,-3,-1,0.666666667,-4,0.428571429,-1,-1,0,-1,0,-1,-1,1,1
-1,0.117647059,-2,-2,0.029987895,-2,-5,1,-2,-1,1,-2,0.607142857,-1,-1,0,-1,0,-2,-1,1,1
-2,0.294117647,-1,-6,0.141685925,-1,-3,1,-1,-1,0.666666667,-3,0.267857143,-1,-1,0.333333333,-1,1,-1,-1,1,0
-2,0.647058824,-2,-6,0.848574887,-2,-2,0.333333333,-1,-1,0.333333333,-4,0.071428571,-1,-1,0,-1,0,-1,-1,0,1
-3,0.470588235,-1,-4,0.350170573,-2,-1,1,-1,-1,1,-4,0.267857143,-1,-1,0.333333333,-3,0,-1,-1,1,0
-3,0.352941176,-5,-5,0.416749202,-1,-5,0.666666667,-1,-2,1,-1,0.375,-2,-3,0.333333333,-1,1,-1,-1,1,0
-1,0.338235294,-1,-6,0.120611863,-2,-1,1,-1,-1,1,-4,0.428571429,-3,-1,1,-3,1,-1,-1,1,0
-3,0.161764706,-1,-1,0.086882359,-2,-1,1,-1,-1,1,-4,0.482142857,-1,-1,0.333333333,-1,0,-1,-1,1,0
-1,0.117647059,-1,-4,0.105700451,-2,-2,1,-1,-1,1,-2,0.339285714,-2,-1,0.333333333,-2,0,-2,-2,1,0
-2,0.470588235,-1,-5,0.305381314,-2,-2,0.666666667,-1,-1,1,-4,0.267857143,-1,-1,0.333333333,-1,0,-1,-1,1,0
-3,0.205882353,-1,-1,0.050566744,-1,-2,1,-1,-1,0.666666667,-2,0.178571429,-1,-1,0.333333333,-1,0,-1,-1,1,0
-3,0.470588235,-3,-5,0.478540773,-1,-3,0.666666667,-1,-1,0.333333333,-4,0.214285714,-3,-1,0,-3,1,-1,-1,1,0
-1,0.25,-2,-1,0.129635743,-2,-5,1,-2,-1,1,-2,0.160714286,-1,-3,0,-3,0,-1,-1,1,0
-3,0.117647059,-1,-3,0.073841752,-4,-3,0.666666667,-2,-1,0.333333333,-2,0.285714286,-1,-1,0,-1,0,-2,-2,1,0
-3,0.161764706,-2,-3,0.106525806,-1,-3,0,-2,-1,1,-1,0.25,-2,-3,0,-2,0,-2,-1,1,0
-1,0.205882353,-2,-3,0.214757346,-2,-2,0.333333333,-1,-3,0.666666667,-4,0.410714286,-1,-1,0,-1,0,-2,-1,1,1
-1,0.176470588,-1,-4,0.130681193,-2,-1,0.333333333,-1,-2,1,-2,0.428571429,-2,-3,0,-1,0,-1,-1,1,1
-3,0.235294118,-1,-4,0.178001541,-1,-5,0.333333333,-3,-1,1,-1,0.446428571,-1,-1,0.333333333,-1,0,-1,-1,1,0
-3,0.470588235,-1,-5,0.562726973,-1,-1,0.333333333,-1,-1,1,-3,0.410714286,-1,-2,0.333333333,-1,0,-2,-1,1,0
-3,0.161764706,-2,-1,0.062506878,-1,-2,1,-4,-1,0.333333333,-1,0.375,-1,-3,0,-1,0,-1,-1,1,0
-3,0.294117647,-2,-1,0.056564323,-2,-1,1,-1,-1,0,-1,0.303571429,-1,-1,0,-3,0,-1,-1,1,0
-1,0.117647059,-2,-1,0.047155277,-2,-2,0.333333333,-1,-1,0.333333333,-1,0.017857143,-1,-3,0,-3,1,-1,-1,0,0
-1,0.25,-2,-4,0.193298118,-1,-3,0.333333333,-1,-3,0.333333333,-1,0.089285714,-1,-1,0,-2,0,-2,-2,0,0
-2,0.470588235,-2,-2,0.190436888,-1,-2,0.333333333,-4,-1,0.333333333,-4,0.142857143,-1,-1,0,-1,0,-2,-1,1,0
-3,0.161764706,-3,-5,0.18399912,-2,-5,0,-2,-1,0.333333333,-2,0.482142857,-1,-1,0.333333333,-2,0,-2,-1,1,0
-2,0.073529412,-2,-4,0.162044679,-1,-2,0,-2,-1,0.333333333,-1,0.25,-1,-1,0,-2,0,-2,-1,1,0
-3,0.470588235,-3,-1,0.231319467,-2,-2,1,-2,-1,1,-1,0.267857143,-1,-1,0.333333333,-1,0,-2,-1,1,0
-2,0.294117647,-1,-3,0.24683614,-2,-5,0.333333333,-2,-1,1,-4,0.107142857,-2,-1,0,-2,0,-2,-1,1,1
-2,0.382352941,-2,-1,0.150819853,-1,-1,0.333333333,-2,-1,1,-4,0.107142857,-1,-1,0,-1,0,-2,-1,1,0
-3,0.102941176,-2,-6,0.104104765,-4,-1,0,-3,-1,0.333333333,-1,0.160714286,-1,-1,0,-1,0,-1,-1,1,0
-1,0.294117647,-5,-6,0.160173875,-2,-2,1,-1,-1,0.333333333,-2,0.214285714,-1,-3,0,-1,0,-1,-1,1,1
-2,0.647058824,-4,-9,1,-2,-2,0,-2,-1,0.333333333,-2,0.232142857,-2,-1,0,-3,0,-1,-2,1,1
-3,0.088235294,-2,-5,0.142951469,-5,-2,0,-1,-3,0.333333333,-1,0.232142857,-1,-1,0,-1,1,-2,-1,1,0
-1,0.029411765,-2,-4,0.805876527,-2,-1,0,-1,-1,1,-3,0.875,-2,-1,0,-3,0,-1,-1,1,1
-1,0.294117647,-2,-3,0.116044899,-5,-4,0,-3,-1,0,-2,0.25,-1,-1,0,-1,0,-2,-1,1,1
-1,0.294117647,-2,-3,0.170298228,-2,-1,1,-1,-1,0.333333333,-2,0.357142857,-1,-3,0,-3,0,-1,-1,1,1
-3,0.205882353,-1,-3,0.086222075,-2,-2,1,-2,-1,0.333333333,-3,0.160714286,-1,-1,0.333333333,-1,0,-2,-1,1,0
-3,0.647058824,-3,-1,0.687740729,-3,-3,1,-1,-1,0,-4,0.321428571,-1,-1,0,-3,0,-1,-1,1,0
-1,0.073529412,-2,-1,0.061406405,-2,-5,0.666666667,-2,-1,1,-2,0.053571429,-1,-3,0,-1,0,-2,-1,0,1
-2,0.117647059,-2,-4,0.096401453,-2,-3,0.666666667,-1,-1,1,-2,0.196428571,-1,-3,0,-1,1,-1,-1,1,0
-1,0.294117647,-5,-3,0.364366678,-2,-5,0.333333333,-3,-1,0,-2,0.642857143,-2,-1,0,-1,0,-1,-1,1,1
-1,0.117647059,-5,-4,0.024595576,-2,-5,1,-1,-1,0.333333333,-4,0.482142857,-2,-1,0.333333333,-1,0,-1,-1,1,1
-1,0.205882353,-1,-3,0.043963904,-2,-5,1,-2,-1,1,-2,0.035714286,-1,-3,0,-1,0,-2,-1,0,0
-1,0.647058824,-2,-5,0.552822714,-2,-3,1,-1,-1,1,-3,0.357142857,-3,-2,0.666666667,-1,1,-1,-1,1,1
-3,0.382352941,-2,-1,0.088973259,-1,-1,1,-1,-1,1,-4,0.696428571,-1,-1,0,-1,0,-1,-1,1,0
-1,0.117647059,-3,-4,0.060195884,-2,-2,1,-1,-1,0.333333333,-1,0.428571429,-1,-1,0.333333333,-2,1,-2,-1,1,0
-1,0.294117647,-2,-3,0.082370419,-2,-5,1,-1,-3,0,-2,0.089285714,-1,-1,0,-2,0,-2,-2,0,0
-2,0.073529412,-2,-1,0.078133597,-2,-5,1,-2,-1,0.333333333,-4,0.053571429,-1,-1,0,-1,0,-1,-1,0,1
-3,0.073529412,-1,-4,0.053593045,-2,-2,0.666666667,-1,-1,0,-1,0.196428571,-1,-1,0.333333333,-1,0,-2,-1,1,0
-3,0.117647059,-1,-1,0.014966436,-3,-1,1,-1,-1,1,-2,0.410714286,-1,-1,0.333333333,-1,1,-1,-1,1,0
-1,0.117647059,-2,-1,0.068669528,-2,-2,1,-2,-1,0,-4,0.071428571,-2,-1,0,-1,0,-2,-1,0,0
-2,0.382352941,-3,-1,0.091834489,-5,-5,1,-1,-1,0.666666667,-3,0.196428571,-3,-1,0.333333333,-3,0,-2,-1,1,1
-4,0.073529412,-2,-1,0.027236712,-2,-2,0.666666667,-2,-1,0.333333333,-1,0.160714286,-1,-1,0,-2,0,-2,-1,1,1
-2,0.029411765,-2,-1,0.099757896,-2,-5,1,-4,-1,0.666666667,-4,0.196428571,-1,-3,0,-3,0,-1,-1,1,0
-2,0.823529412,-2,-2,0.33223286,-2,-2,1,-1,-1,1,-3,0.410714286,-1,-2,0,-1,0,-2,-1,1,1
-3,0.294117647,-1,-5,0.362715968,-1,-2,0.333333333,-1,-1,1,-2,0.482142857,-1,-1,0.333333333,-3,1,-1,-1,1,0
-3,0.117647059,-2,-4,0.180312534,-1,-5,0.333333333,-1,-1,0.666666667,-2,0.464285714,-1,-1,0,-3,1,-1,-1,1,0
-3,0.088235294,-2,-4,0.071310664,-2,-2,0.666666667,-1,-1,0.333333333,-1,0.214285714,-1,-1,0,-2,1,-2,-2,1,0
-3,0.294117647,-2,-3,0.037361065,-1,-3,1,-1,-1,0.333333333,-4,0.214285714,-3,-1,0,-1,0,-1,-1,1,0
-3,0,-1,-4,0.066303511,-2,-3,0.333333333,-1,-1,0,-1,0.410714286,-1,-1,0.666666667,-2,1,-2,-1,1,0
-1,0.161764706,-2,-3,0.087762738,-2,-5,1,-2,-2,0,-2,0.482142857,-1,-3,0,-1,0,-2,-1,1,0
-2,0.647058824,-4,-4,0.446131837,-3,-5,0,-2,-1,0,-4,0.196428571,-1,-1,0.333333333,-1,0,-2,-1,1,0
-1,0.294117647,-5,-3,0.170518323,-3,-5,1,-1,-1,1,-3,0.196428571,-1,-2,0,-1,1,-1,-1,1,1
-3,0.117647059,-2,-4,0.143556729,-1,-4,1,-1,-1,1,-3,0.339285714,-1,-1,0,-3,0,-1,-1,1,0
-3,0.205882353,-2,-3,0.070595356,-2,-5,1,-4,-3,0,-2,0.428571429,-1,-1,0,-2,1,-2,-1,1,1
-3,0.294117647,-2,-1,0.185484758,-5,-1,0.333333333,-1,-1,1,-4,0.214285714,-1,-1,0.333333333,-1,0,-2,-1,1,1
-2,0.205882353,-1,-6,0.183779025,-2,-4,0.666666667,-4,-1,0.666666667,-4,0.375,-1,-1,0.666666667,-4,1,-1,-1,1,0
-1,0.470588235,-3,-6,0.104269836,-2,-3,0.333333333,-1,-1,0,-4,0.089285714,-1,-1,0.333333333,-1,0,-1,-1,0,1
-2,0.294117647,-2,-5,0.212556399,-3,-5,0.666666667,-2,-1,1,-4,0.160714286,-1,-3,0,-1,0,-2,-1,1,1
-3,0.470588235,-2,-3,0.590073732,-2,-4,1,-2,-1,0.333333333,-4,0.125,-1,-1,0.333333333,-3,0,-1,-1,1,1
-1,0.117647059,-2,-4,0.090403874,-2,-2,1,-2,-2,1,-2,0.178571429,-1,-1,0,-1,0,-1,-1,1,0
-1,0.294117647,-1,-1,0.053978211,-4,-1,1,-2,-1,1,-2,0.678571429,-1,-3,0.333333333,-3,0,-1,-1,1,0
-4,0.382352941,-1,-1,0.187410587,-1,-1,1,-1,-1,1,-2,0.535714286,-3,-1,0.333333333,-2,0,-2,-1,1,0
-2,0.073529412,-1,-1,0.049741389,-2,-1,0.333333333,-1,-1,1,-1,0.321428571,-1,-1,0.666666667,-2,0,-2,-1,1,0
-1,0.352941176,-2,-4,0.206668868,-2,-2,0.666666667,-1,-1,0.333333333,-4,0.464285714,-1,-1,0,-2,0,-2,-1,1,1
-2,0.294117647,-2,-3,0.155111698,-5,-1,1,-1,-1,1,-3,0.196428571,-1,-2,0,-1,0,-2,-1,1,0
-3,0.029411765,-1,-1,0.081985254,-2,-1,0.333333333,-4,-1,0.333333333,-1,0.196428571,-1,-3,0.333333333,-1,0,-2,-1,1,0
-2,0.25,-3,-4,0.115714757,-2,-2,0,-3,-1,1,-2,0.5,-1,-1,0.333333333,-1,0,-2,-1,1,0
-3,0.161764706,-2,-4,0.181908221,-1,-2,0.666666667,-1,-1,0.333333333,-3,0.178571429,-1,-1,0,-1,0,-2,-1,1,0
-3,0.294117647,-2,-1,0.118135798,-3,-1,0.666666667,-1,-1,0.333333333,-4,0.285714286,-2,-1,0.333333333,-1,0,-1,-1,1,1
-2,0.029411765,-2,-8,0.011224827,-2,-5,0.666666667,-4,-1,0,-2,0.053571429,-1,-1,0,-2,0,-2,-1,0,0
-2,0.382352941,-2,-1,0.080609662,-1,-2,1,-2,-1,0,-4,0.125,-1,-1,0,-1,0,-2,-1,1,0
-2,0.338235294,-1,-1,0.124903709,-3,-2,1,-1,-1,0.333333333,-2,0.071428571,-1,-1,0.333333333,-2,0,-2,-1,0,1
-3,0.161764706,-2,-1,0.182568504,-2,-1,1,-2,-1,0.333333333,-4,0.625,-2,-3,0,-3,0,-1,-1,1,0
-3,0.558823529,-2,-1,0.380543634,-1,-3,0.333333333,-4,-1,1,-2,0.178571429,-1,-3,0,-1,0,-1,-1,1,0
-1,0.102941176,-1,-4,0.202982282,-2,-2,0,-1,-1,0.333333333,-1,0.375,-1,-1,0.333333333,-2,1,-2,-1,1,0
-2,0.161764706,-2,-8,0.069549906,-5,-2,1,-1,-2,0.333333333,-1,0.053571429,-1,-1,0,-1,0,-2,-1,0,0
-3,0.294117647,-2,-4,0.393034005,-2,-2,0,-1,-1,1,-2,0.428571429,-1,-1,0,-2,1,-2,-1,1,0
-1,0.294117647,-5,-4,0.051887312,-2,-4,0,-2,-3,1,-3,0.178571429,-1,-3,0.333333333,-4,0,-2,-1,1,1
-1,0.823529412,-2,-6,0.387751733,-2,-1,1,-1,-3,1,-3,0.303571429,-1,-3,0,-1,0,-2,-1,1,1
-3,0.382352941,-1,-1,0.142016067,-2,-2,1,-2,-1,0.333333333,-4,0.25,-1,-1,0,-1,0,-1,-1,1,0
-4,0.294117647,-2,-1,0.055463849,-3,-2,0.666666667,-2,-1,0.666666667,-4,0.678571429,-1,-1,0,-2,0,-2,-1,1,0
-2,0.029411765,-2,-1,0.027676901,-2,-2,0.333333333,-2,-2,0.666666667,-1,0.803571429,-1,-1,0,-1,0,-2,-1,1,0
-2,0.205882353,-3,-6,0.119786508,-1,-1,1,-1,-1,0.333333333,-2,0.410714286,-1,-1,0.333333333,-1,0,-2,-1,1,0
-3,0.294117647,-3,-4,0.125894134,-2,-1,1,-1,-1,1,-4,0.5,-1,-1,0.333333333,-2,1,-2,-1,1,1
-2,0.161764706,-5,-4,0.055793991,-5,-2,0.333333333,-4,-1,0.333333333,-2,0.107142857,-1,-3,0,-1,0,-2,-1,1,1
-2,0.382352941,-1,-3,0.447672499,-2,-3,0.333333333,-1,-1,0.333333333,-2,0.535714286,-1,-1,0,-1,0,-2,-1,1,1
-3,0.647058824,-2,-6,0.252778695,-2,-4,0.666666667,-1,-1,0.333333333,-4,0.25,-2,-3,0,-3,0,-1,-1,1,1
-4,0.25,-2,-4,0.147078244,-5,-2,0,-2,-1,0,-4,0.160714286,-2,-1,0,-3,0,-1,-1,1,0
-1,0.470588235,-2,-5,0.439033785,-2,-2,0.333333333,-1,-1,0.333333333,-2,0.125,-1,-1,0,-1,1,-2,-1,1,1
-3,0.294117647,-1,-3,0.097832068,-2,-3,0.333333333,-1,-1,0.333333333,-2,0.196428571,-1,-1,0.333333333,-2,0,-2,-1,1,0
-1,0.161764706,-1,-3,0.06509299,-2,-2,1,-2,-1,0.666666667,-2,0.107142857,-1,-3,0.333333333,-1,0,-2,-1,1,0
-4,0.558823529,-4,-6,0.332287884,-2,-5,0.333333333,-3,-1,0,-2,0.25,-1,-1,0.333333333,-1,0,-2,-1,1,0
-3,0.132352941,-2,-1,0.063772422,-5,-4,0.333333333,-2,-1,1,-1,0.803571429,-1,-1,0,-1,0,-2,-1,1,0
-1,0.294117647,-2,-5,0.348244745,-2,-4,1,-1,-1,0.333333333,-3,0.178571429,-1,-2,0,-3,0,-1,-1,1,0
-2,0.294117647,-1,-1,0.082150325,-2,-1,1,-1,-1,0.333333333,-2,0.517857143,-1,-1,0.333333333,-2,0,-2,-1,1,0
-3,0.117647059,-1,-2,0.182403433,-1,-5,0.333333333,-1,-1,0,-2,0.321428571,-1,-1,0.333333333,-2,1,-2,-1,1,0
-3,0.161764706,-5,-1,0.072576208,-5,-1,1,-1,-1,1,-4,0.267857143,-2,-1,0,-2,1,-2,-1,1,0
-1,0.205882353,-2,-1,0.092769891,-1,-3,0.333333333,-4,-1,1,-4,0.071428571,-1,-3,0.333333333,-2,0,-2,-1,0,0
-1,0.470588235,-2,-3,0.204082756,-2,-4,1,-1,-1,0.666666667,-2,0.196428571,-1,-1,0,-3,0,-1,-1,1,0
-3,0.117647059,-2,-4,0.117750633,-1,-1,1,-1,-1,0.666666667,-4,0.553571429,-1,-1,0,-1,0,-1,-1,1,0
-3,0.117647059,-2,-3,0.081765159,-2,-3,0.666666667,-2,-1,1,-1,0.214285714,-1,-1,0,-2,0,-2,-1,1,0
-1,0.382352941,-2,-5,0.198470342,-2,-2,1,-3,-1,1,-2,0.375,-1,-1,0,-3,0,-1,-1,1,0
-3,0.117647059,-2,-1,0.030483108,-2,-1,1,-1,-1,1,-4,0.339285714,-1,-1,0,-1,0,-2,-1,1,0
-1,0.602941176,-2,-1,0.087762738,-2,-2,1,-1,-1,1,-3,0.071428571,-1,-2,0,-1,0,-1,-1,0,1
-2,0.602941176,-1,-5,0.238032354,-5,-4,0.666666667,-1,-1,1,-4,0.142857143,-1,-1,0,-1,0,-2,-1,1,0
